{"stats":{"minecraft:mined":{"minecraft:stripped_warped_stem":1,"minecraft:white_bed":1,"minecraft:granite":24,"minecraft:chiseled_polished_blackstone":12,"minecraft:oak_pressure_plate":2,"minecraft:deepslate_bricks":1,"minecraft:chiseled_tuff_bricks":11,"minecraft:green_concrete":3,"minecraft:spawner":10,"minecraft:polished_blackstone_bricks":322,"minecraft:magma_block":43,"minecraft:cobbled_deepslate":6,"minecraft:fire":48,"minecraft:barrel":1,"minecraft:moss_carpet":1,"minecraft:fletching_table":3,"minecraft:sculk_shrieker":2,"minecraft:dirt_path":2,"minecraft:oak_stairs":2,"minecraft:smooth_sandstone_stairs":1,"minecraft:tripwire":21,"minecraft:red_bed":1,"minecraft:smoker":1,"minecraft:crimson_nylium":8,"minecraft:soul_fire":21,"minecraft:powder_snow":1,"minecraft:torch":5,"minecraft:green_concrete_powder":1,"minecraft:glass":3,"minecraft:sugar_cane":16,"minecraft:amethyst_block":1,"minecraft:chain":1,"minecraft:repeater":3,"minecraft:wheat":107,"minecraft:waxed_copper_block":14,"minecraft:black_bed":5,"minecraft:smooth_basalt":1,"minecraft:stonecutter":3,"minecraft:deepslate":1625,"minecraft:infested_deepslate":1,"minecraft:nether_bricks":1,"minecraft:redstone_wire":45,"minecraft:moss_block":3,"minecraft:cartography_table":4,"minecraft:red_mushroom":1,"minecraft:waxed_oxidized_cut_copper":5,"minecraft:waxed_copper_grate":30,"minecraft:andesite":38,"minecraft:chiseled_tuff":1,"minecraft:cobblestone_slab":62,"minecraft:bone_block":14,"minecraft:white_wool":5,"minecraft:green_wool":22,"minecraft:glass_pane":2,"minecraft:soul_sand":21,"minecraft:smooth_sandstone":6,"minecraft:short_grass":36,"minecraft:emerald_ore":17,"minecraft:warped_roots":2,"minecraft:campfire":7,"minecraft:tall_grass":3,"minecraft:deepslate_gold_ore":15,"minecraft:diorite":19,"minecraft:stripped_spruce_wood":1,"minecraft:cobblestone_wall":2,"minecraft:spruce_log":5902,"minecraft:dark_prismarine_slab":1,"minecraft:gravel":938,"minecraft:cobweb":16,"minecraft:spruce_fence_gate":1,"minecraft:stone_bricks":82,"minecraft:gold_ore":1,"minecraft:infested_stone":6,"minecraft:waxed_cut_copper_slab":1,"minecraft:spruce_planks":13,"minecraft:cobbled_deepslate_stairs":3,"minecraft:sculk_vein":2,"minecraft:spruce_trapdoor":4,"minecraft:grass_block":75,"minecraft:cracked_polished_blackstone_bricks":79,"minecraft:soul_soil":26,"minecraft:polished_blackstone_pressure_plate":1,"minecraft:tuff_bricks":20,"minecraft:raw_iron_block":2,"minecraft:iron_ore":97,"minecraft:polished_tuff":7,"minecraft:iron_bars":1,"minecraft:green_bed":9,"minecraft:deepslate_redstone_ore":21,"minecraft:blackstone":292,"visualworkbench:minecraft/crafting_table":8,"minecraft:clay":11,"minecraft:calcite":3,"minecraft:chest":1,"minecraft:nether_quartz_ore":404,"minecraft:cobblestone":154,"minecraft:grindstone":4,"minecraft:waxed_chiseled_copper":1,"minecraft:oak_planks":10,"minecraft:wall_torch":7,"minecraft:warped_nylium":1,"minecraft:red_candle":1,"minecraft:warped_planks":6,"minecraft:nether_wart_block":6,"minecraft:waxed_oxidized_cut_copper_stairs":2,"minecraft:light_gray_wool":2,"minecraft:oak_log":17,"minecraft:waxed_oxidized_copper":4,"minecraft:sand":6,"minecraft:dirt":171,"minecraft:tripwire_hook":4,"minecraft:netherrack":17513,"minecraft:ancient_debris":21,"minecraft:oak_leaves":3,"minecraft:nether_gold_ore":176,"minecraft:tuff":157,"minecraft:deepslate_diamond_ore":4,"minecraft:glow_lichen":1,"minecraft:lever":3,"minecraft:decorated_pot":59,"minecraft:heavy_core":1,"minecraft:spruce_leaves":75,"minecraft:sandstone":4,"minecraft:large_fern":3,"minecraft:hay_block":90,"minecraft:deepslate_brick_slab":15,"minecraft:oxidized_cut_copper":1,"minecraft:furnace":4,"minecraft:carrots":7,"minecraft:stripped_spruce_log":3,"minecraft:oxidized_copper_trapdoor":1,"minecraft:gold_block":75,"minecraft:bookshelf":20,"minecraft:deepslate_iron_ore":27,"minecraft:packed_ice":1,"minecraft:stone":757,"minecraft:scaffolding":2,"minecraft:basalt":219,"minecraft:oak_fence":2,"minecraft:blackstone_slab":3,"minecraft:andesite_slab":1,"minecraft:sculk_sensor":2,"minecraft:lectern":4,"minecraft:stone_slab":1,"minecraft:polished_blackstone_brick_stairs":5,"minecraft:sculk":38,"minecraft:spruce_stairs":1,"minecraft:waxed_oxidized_copper_grate":2,"minecraft:redstone_torch":1,"minecraft:white_wall_banner":8,"minecraft:coal_ore":387,"minecraft:small_dripleaf":1,"minecraft:warped_slab":1},"minecraft:crafted":{"minecraft:black_dye":1,"minecraft:cactus":21,"minecraft:bookshelf":1,"minecraft:mace":1,"minecraft:diamond_helmet":1,"minecraft:repeater":3,"minecraft:diamond_leggings":2,"minecraft:emerald":10234,"minecraft:green_bed":7,"minecraft:cartography_table":1,"minecraft:iron_pickaxe":2,"minecraft:gold_ingot":146,"minecraft:spruce_fence_gate":12,"minecraft:bone_meal":177,"minecraft:spruce_slab":6,"minecraft:stone_pickaxe":2,"minecraft:diamond_boots":1,"minecraft:crossbow":2,"minecraft:enchanted_book":12,"minecraft:gunpowder":1728,"minecraft:oak_planks":68,"minecraft:cobblestone_slab":66,"minecraft:barrel":3,"more_bows_and_arrows:netherite_bow":1,"minecraft:warped_planks":4,"minecraft:hopper":4,"minecraft:bow":2,"minecraft:chest":19,"minecraft:bricks":2,"minecraft:stone_hoe":1,"minecraft:stone_bricks":256,"minecraft:arrow":784,"minecraft:map":23,"minecraft:crafting_table":2,"minecraft:spruce_planks":872,"minecraft:wooden_pickaxe":1,"minecraft:baked_potato":7,"minecraft:gold_block":16,"minecraft:spruce_trapdoor":10,"minecraft:iron_chestplate":1,"minecraft:emerald_block":745,"minecraft:stick":1368,"minecraft:iron_ingot":48,"minecraft:stone_sword":3,"minecraft:black_bed":1,"minecraft:redstone_torch":7,"minecraft:shears":2,"minecraft:redstone":18,"minecraft:furnace":1,"minecraft:diamond_sword":1,"minecraft:stone_axe":2,"minecraft:air":0,"minecraft:gold_nugget":27,"minecraft:torch":4,"minecraft:diamond_chestplate":1},"minecraft:picked_up":{"minecraft:iron_chestplate":2,"minecraft:suspicious_stew":3,"minecraft:lead":3,"minecraft:stone_slab":2,"minecraft:diamond_sword":2,"minecraft:oak_stairs":2,"minecraft:enchanted_book":20,"minecraft:golden_sword":7,"minecraft:amethyst_block":1,"minecraft:polished_blackstone_brick_stairs":5,"minecraft:music_disc_cat":1,"minecraft:string":1125,"minecraft:soul_soil":24,"minecraft:diamond_leggings":1,"minecraft:gold_nugget":1490,"minecraft:cobbled_deepslate":1690,"minecraft:spruce_planks":31,"minecraft:trial_key":16,"minecraft:warped_slab":1,"minecraft:netherite_upgrade_smithing_template":1,"minecraft:enchanted_golden_apple":3,"minecraft:golden_helmet":2,"minecraft:composter":1,"minecraft:green_bed":10,"minecraft:golden_axe":2,"minecraft:waxed_copper_grate":27,"minecraft:warped_planks":6,"minecraft:golden_chestplate":1,"minecraft:warped_door":1,"minecraft:stone_sword":3,"minecraft:honey_bottle":3,"minecraft:iron_block":2,"minecraft:netherite_chestplate":2,"minecraft:blaze_rod":155,"minecraft:iron_bars":1,"minecraft:magma_block":2,"minecraft:cooked_beef":18,"minecraft:medium_amethyst_bud":8,"minecraft:water_bucket":3,"minecraft:green_concrete_powder":1,"minecraft:smoker":1,"minecraft:flint":408,"minecraft:stripped_spruce_wood":4,"minecraft:netherite_leggings":2,"minecraft:lantern":5,"minecraft:large_amethyst_bud":8,"minecraft:stonecutter":3,"minecraft:guster_banner_pattern":1,"minecraft:diamond_helmet":2,"minecraft:glowstone_dust":2,"minecraft:moss_block":1,"minecraft:honeycomb":1,"minecraft:chiseled_polished_blackstone":12,"minecraft:stripped_spruce_log":3,"minecraft:ink_sac":3,"minecraft:barrel":1,"minecraft:green_concrete":2,"minecraft:deepslate":1,"minecraft:lever":4,"minecraft:granite":30,"minecraft:bread":3,"minecraft:ominous_trial_key":17,"minecraft:crimson_roots":3,"minecraft:diamond_pickaxe":15,"minecraft:crafting_table":9,"minecraft:ominous_bottle":10,"minecraft:clay_ball":44,"minecraft:leather_leggings":1,"minecraft:wind_charge":189,"minecraft:red_bed":1,"minecraft:flow_banner_pattern":1,"minecraft:cartography_table":4,"minecraft:netherite_sword":3,"minecraft:stripped_warped_stem":1,"minecraft:chiseled_tuff":1,"minecraft:spruce_slab":1,"minecraft:poppy":1,"minecraft:guster_pottery_sherd":2,"minecraft:chest":1,"minecraft:diamond_hoe":3,"minecraft:waxed_oxidized_copper":65,"minecraft:egg":1,"minecraft:sandstone":8,"minecraft:stone":2,"minecraft:amethyst_cluster":4,"minecraft:flow_pottery_sherd":2,"minecraft:mace":1,"minecraft:carrot":47,"minecraft:redstone":554,"minecraft:netherite_pickaxe":3,"minecraft:diamond_chestplate":2,"minecraft:decorated_pot":29,"minecraft:shears":1,"minecraft:deepslate_bricks":1,"minecraft:diamond_boots":3,"minecraft:waxed_oxidized_cut_copper_stairs":3,"minecraft:hay_block":91,"minecraft:flow_armor_trim_smithing_template":1,"minecraft:gold_ingot":5,"minecraft:totem_of_undying":4,"minecraft:tuff_bricks":16,"minecraft:mutton":1,"minecraft:bone_block":28,"minecraft:white_wool":12,"more_bows_and_arrows:diamond_arrow":365,"minecraft:tripwire_hook":20,"minecraft:blackstone_slab":3,"minecraft:red_mushroom":4,"minecraft:filled_map":1,"minecraft:oak_log":17,"minecraft:ancient_debris":21,"minecraft:golden_boots":1,"minecraft:paper":3,"minecraft:white_banner":25,"minecraft:apple":2,"minecraft:stone_bricks":65,"minecraft:glass_bottle":5,"minecraft:mangrove_planks":16,"minecraft:smooth_basalt":1,"minecraft:gravel":177,"minecraft:small_amethyst_bud":8,"minecraft:spruce_sapling":1035,"minecraft:spruce_log":6159,"minecraft:polished_tuff":3,"more_bows_and_arrows:netherite_bow":2,"minecraft:diamond_shovel":4,"minecraft:slime_ball":617,"minecraft:stone_axe":1,"minecraft:diamond_axe":8,"minecraft:deepslate_redstone_ore":1,"minecraft:warped_roots":3,"minecraft:lodestone":1,"minecraft:baked_potato":50,"minecraft:brown_banner":2,"minecraft:ender_pearl":29,"minecraft:wheat":104,"minecraft:nether_brick_fence":1,"minecraft:potion":9,"minecraft:waxed_cut_copper_slab":1,"minecraft:iron_leggings":1,"minecraft:red_candle":3,"minecraft:netherite_ingot":1,"minecraft:sea_pickle":2,"minecraft:bucket":3,"minecraft:redstone_torch":1,"minecraft:cobblestone_slab":63,"minecraft:calcite":3,"minecraft:azalea":1,"minecraft:iron_pickaxe":2,"minecraft:furnace":4,"minecraft:tipped_arrow":223,"minecraft:stick":430,"minecraft:oak_fence":3,"minecraft:torch":233,"minecraft:spruce_stairs":1,"minecraft:porkchop":4,"minecraft:diorite":26,"minecraft:rotten_flesh":287,"minecraft:green_wool":21,"minecraft:cobblestone":973,"minecraft:leather_chestplate":2,"minecraft:repeater":3,"minecraft:andesite":41,"minecraft:black_bed":5,"minecraft:golden_leggings":1,"minecraft:potato":3,"minecraft:tuff":208,"minecraft:smooth_sandstone_stairs":2,"minecraft:dirt":237,"minecraft:name_tag":1,"minecraft:glass":153,"minecraft:bone":500,"minecraft:bow":18,"minecraft:wheat_seeds":290,"minecraft:deepslate_brick_slab":18,"minecraft:raw_gold":41,"minecraft:grindstone":4,"minecraft:bolt_armor_trim_smithing_template":7,"minecraft:fletching_table":4,"minecraft:scrape_pottery_sherd":8,"minecraft:oak_planks":11,"minecraft:ghast_tear":1,"minecraft:cooked_porkchop":3,"minecraft:oak_pressure_plate":2,"minecraft:waxed_chiseled_copper":1,"minecraft:sand":6,"minecraft:dark_prismarine_slab":2,"minecraft:spruce_fence_gate":2,"minecraft:sugar":10,"minecraft:soul_lantern":1,"minecraft:diamond":25,"minecraft:netherite_helmet":2,"minecraft:polished_blackstone_pressure_plate":1,"minecraft:waxed_oxidized_copper_grate":2,"minecraft:cracked_polished_blackstone_bricks":66,"minecraft:crossbow":10,"minecraft:breeze_rod":66,"minecraft:bone_meal":27,"minecraft:golden_apple":2,"minecraft:spruce_sign":8,"minecraft:emerald":626,"minecraft:oak_sapling":2,"minecraft:netherrack":6586,"minecraft:charcoal":35,"minecraft:waxed_oxidized_cut_copper":2,"minecraft:azure_bluet":2,"minecraft:splash_potion":7,"minecraft:brown_mushroom":3,"minecraft:gold_block":136,"more_bows_and_arrows:diamond_bow":2,"minecraft:chain":1,"minecraft:brick":151,"minecraft:shield":5,"minecraft:moss_carpet":1,"minecraft:iron_axe":3,"minecraft:blackstone":204,"minecraft:light_gray_wool":2,"minecraft:lectern":3,"minecraft:sugar_cane":43,"minecraft:spruce_trapdoor":4,"minecraft:raw_iron":178,"minecraft:bowl":2,"minecraft:polished_blackstone_bricks":356,"minecraft:stone_button":1,"minecraft:arrow":604,"minecraft:pumpkin_pie":64,"minecraft:saddle":6,"minecraft:netherite_boots":2,"minecraft:purple_dye":1,"minecraft:basalt":210,"minecraft:golden_carrot":632,"minecraft:salmon":2,"minecraft:leather":4,"minecraft:waxed_copper_block":13,"minecraft:gunpowder":35,"minecraft:nether_wart_block":6,"minecraft:cobbled_deepslate_stairs":3,"minecraft:cobblestone_wall":2,"minecraft:iron_ingot":52,"minecraft:cooked_chicken":2,"minecraft:oxidized_cut_copper":1,"minecraft:soul_sand":21,"minecraft:book":149,"minecraft:emerald_block":129,"minecraft:heavy_core":3,"minecraft:quartz":224,"minecraft:raw_iron_block":2,"minecraft:lava_bucket":4,"minecraft:white_bed":1,"minecraft:spider_eye":28,"minecraft:netherite_hoe":1,"minecraft:chiseled_tuff_bricks":15,"minecraft:coal":539},"minecraft:used":{"minecraft:tuff_bricks":6,"minecraft:heavy_core":1,"minecraft:chest":17,"minecraft:stone":2,"minecraft:soul_sand":1,"minecraft:deepslate_brick_slab":10,"minecraft:azure_bluet":1,"minecraft:wandering_trader_spawn_egg":31,"minecraft:lava_bucket":22,"minecraft:netherite_boots":2,"minecraft:bow":36,"minecraft:ominous_bottle":4,"minecraft:furnace":3,"minecraft:egg":1,"minecraft:diorite":8,"minecraft:blackstone":2,"minecraft:wooden_pickaxe":18,"minecraft:emerald":1,"minecraft:composter":3,"more_bows_and_arrows:diamond_bow":33,"minecraft:stone_button":1,"minecraft:lectern":3,"minecraft:oak_pressure_plate":1,"minecraft:chiseled_tuff_bricks":2,"minecraft:nether_wart_block":2,"minecraft:diamond_sword":674,"minecraft:stone_sword":78,"minecraft:trial_key":13,"minecraft:netherrack":2292,"minecraft:torch":60,"minecraft:barrel":3,"minecraft:diamond_chestplate":3,"minecraft:basalt":3,"minecraft:tripwire_hook":16,"minecraft:cobbled_deepslate":111,"minecraft:water_bucket":147,"minecraft:cartography_table":5,"minecraft:waxed_oxidized_cut_copper":1,"minecraft:fletching_table":3,"minecraft:spruce_fence_gate":13,"minecraft:polished_blackstone_bricks":138,"minecraft:crafting_table":9,"minecraft:spruce_log":18,"minecraft:diamond_pickaxe":21774,"minecraft:ominous_trial_key":13,"minecraft:diamond_shovel":1127,"minecraft:wind_charge":14,"minecraft:iron_pickaxe":733,"minecraft:suspicious_stew":6,"minecraft:spruce_trapdoor":13,"minecraft:spruce_sapling":318,"minecraft:cobblestone":522,"minecraft:potion":4,"minecraft:glass_pane":7,"minecraft:diamond_leggings":1,"minecraft:moss_carpet":1,"minecraft:diamond_hoe":35,"minecraft:decorated_pot":4,"minecraft:shield":49,"minecraft:zombie_spawn_egg":4,"minecraft:bell":1,"minecraft:sculk_sensor":2,"minecraft:iron_chestplate":3,"minecraft:carrot":92,"minecraft:waxed_copper_grate":12,"minecraft:tuff":52,"minecraft:glass":7,"minecraft:waxed_oxidized_copper":19,"minecraft:waxed_oxidized_copper_grate":2,"minecraft:bricks":2,"minecraft:lantern":2,"minecraft:iron_helmet":1,"minecraft:crimson_roots":1,"minecraft:stone_bricks":178,"minecraft:repeater":6,"minecraft:hay_block":1,"minecraft:scaffolding":7,"minecraft:chiseled_polished_blackstone":3,"minecraft:diamond_boots":2,"minecraft:stone_pickaxe":131,"minecraft:oak_planks":4,"minecraft:mangrove_planks":4,"minecraft:ender_pearl":8,"minecraft:sugar_cane":1,"minecraft:diamond_axe":6013,"minecraft:white_wool":2,"minecraft:netherite_leggings":1,"minecraft:crossbow":29,"minecraft:lingering_potion":1,"minecraft:black_bed":6,"minecraft:shears":70,"minecraft:cobbled_deepslate_stairs":2,"minecraft:polished_tuff":2,"minecraft:redstone_torch":1,"minecraft:lever":4,"minecraft:bread":66,"minecraft:string":54,"minecraft:deepslate":1,"minecraft:gravel":1,"minecraft:golden_helmet":3,"minecraft:grindstone":3,"minecraft:andesite":8,"minecraft:chain":1,"minecraft:bone_meal":112,"minecraft:experience_bottle":15,"minecraft:oak_fence":1,"minecraft:netherite_sword":714,"minecraft:redstone":82,"minecraft:spruce_planks":17,"minecraft:stone_hoe":113,"minecraft:dirt":205,"minecraft:hopper":4,"minecraft:diamond_helmet":4,"minecraft:warped_door":1,"minecraft:bookshelf":1,"minecraft:polished_blackstone_brick_stairs":2,"minecraft:iron_boots":1,"minecraft:light_gray_wool":2,"minecraft:golden_carrot":264,"minecraft:netherite_pickaxe":298,"minecraft:iron_leggings":1,"minecraft:amethyst_block":1,"minecraft:netherite_chestplate":1,"minecraft:baked_potato":2,"minecraft:spruce_sign":2,"minecraft:stonecutter":3,"minecraft:green_bed":13,"minecraft:cobblestone_slab":121,"minecraft:waxed_copper_block":4,"more_bows_and_arrows:netherite_bow":81,"minecraft:dark_prismarine_slab":1,"minecraft:brown_banner":2,"minecraft:warped_planks":5,"minecraft:cracked_polished_blackstone_bricks":11,"minecraft:netherite_axe":1,"minecraft:stone_axe":60,"minecraft:white_banner":10,"minecraft:bucket":170,"minecraft:pumpkin_pie":4,"minecraft:sea_pickle":2,"minecraft:splash_potion":8},"minecraft:killed":{"minecraft:skeleton":66,"minecraft:skeleton_horse":1,"minecraft:magma_cube":6,"minecraft:iron_golem":1,"minecraft:pillager":20,"minecraft:zombie":148,"minecraft:evoker":3,"minecraft:vindicator":15,"minecraft:husk":12,"minecraft:ravager":3,"minecraft:breeze":8,"minecraft:enderman":6,"minecraft:zombified_piglin":3,"minecraft:witch":3,"minecraft:spider":18,"minecraft:silverfish":7,"minecraft:piglin_brute":10,"minecraft:piglin":51,"minecraft:zombie_villager":3,"minecraft:creeper":20,"minecraft:sheep":1,"minecraft:stray":105,"minecraft:ghast":4,"minecraft:blaze":43,"minecraft:vex":11,"minecraft:bogged":23,"minecraft:slime":162,"minecraft:hoglin":6,"minecraft:squid":1,"minecraft:wither_skeleton":3,"minecraft:villager":1},"minecraft:custom":{"minecraft:interact_with_crafting_table":61,"minecraft:open_barrel":94,"minecraft:bell_ring":13,"minecraft:leave_game":17,"minecraft:time_since_death":84926,"minecraft:damage_blocked_by_shield":2520,"minecraft:play_time":1585251,"minecraft:deaths":4,"minecraft:jump":22567,"minecraft:enchant_item":2,"minecraft:interact_with_furnace":60,"minecraft:traded_with_villager":11822,"minecraft:interact_with_cartography_table":1,"minecraft:sleep_in_bed":36,"minecraft:damage_dealt":113078,"minecraft:interact_with_smoker":3,"minecraft:inspect_dispenser":21,"minecraft:horse_one_cm":14917,"minecraft:interact_with_smithing_table":16,"minecraft:interact_with_anvil":80,"minecraft:inspect_hopper":25,"minecraft:sneak_time":129917,"minecraft:interact_with_blast_furnace":19,"minecraft:total_world_time":1585252,"minecraft:interact_with_stonecutter":4,"minecraft:time_since_rest":38720,"minecraft:swim_one_cm":71118,"minecraft:fly_one_cm":5409628,"minecraft:open_chest":1055,"minecraft:fall_one_cm":545269,"minecraft:sprint_one_cm":3609802,"minecraft:drop":811,"minecraft:talked_to_villager":359,"minecraft:interact_with_brewingstand":14,"minecraft:walk_on_water_one_cm":92218,"minecraft:open_enderchest":26,"minecraft:crouch_one_cm":437571,"minecraft:mob_kills":786,"minecraft:climb_one_cm":25398,"minecraft:walk_one_cm":2372893,"minecraft:raid_win":1,"minecraft:walk_under_water_one_cm":54546,"minecraft:raid_trigger":1,"minecraft:interact_with_grindstone":19,"minecraft:damage_taken":21699},"minecraft:dropped":{"minecraft:porkchop":4,"minecraft:oak_pressure_plate":1,"minecraft:cooked_beef":15,"minecraft:glass_bottle":9,"minecraft:diamond":29,"minecraft:crossbow":7,"minecraft:warped_roots":3,"minecraft:saddle":6,"minecraft:red_mushroom":3,"minecraft:emerald":258,"minecraft:gold_block":3,"minecraft:dirt":19,"minecraft:scrape_pottery_sherd":8,"minecraft:gold_nugget":203,"minecraft:bone_meal":78,"minecraft:bone_block":14,"minecraft:sand":6,"minecraft:bolt_armor_trim_smithing_template":3,"minecraft:sugar":10,"minecraft:iron_pickaxe":2,"minecraft:bone":369,"minecraft:waxed_cut_copper_slab":1,"minecraft:stone_axe":3,"minecraft:ancient_debris":21,"minecraft:cooked_chicken":1,"minecraft:cobbled_deepslate":3,"minecraft:netherite_sword":1,"minecraft:wheat":104,"minecraft:deepslate_brick_slab":8,"minecraft:rotten_flesh":257,"minecraft:oak_planks":19,"minecraft:enchanted_golden_apple":3,"minecraft:glowstone_dust":2,"minecraft:azure_bluet":1,"minecraft:white_bed":1,"minecraft:salmon":2,"minecraft:waxed_copper_block":9,"minecraft:warped_planks":3,"minecraft:wind_charge":68,"minecraft:tipped_arrow":225,"minecraft:red_candle":3,"minecraft:charcoal":21,"minecraft:leather_leggings":1,"minecraft:breeze_rod":51,"minecraft:chiseled_tuff":1,"minecraft:ghast_tear":1,"minecraft:enchanted_book":4,"minecraft:golden_boots":1,"minecraft:iron_ingot":90,"minecraft:netherite_pickaxe":1,"minecraft:wheat_seeds":290,"minecraft:cobbled_deepslate_stairs":1,"minecraft:deepslate_redstone_ore":1,"minecraft:oxidized_cut_copper":1,"minecraft:waxed_oxidized_cut_copper_stairs":3,"minecraft:oak_fence":2,"minecraft:iron_helmet":2,"minecraft:cobblestone":311,"minecraft:book":120,"minecraft:waxed_copper_grate":8,"minecraft:apple":2,"minecraft:coal":464,"minecraft:golden_apple":3,"minecraft:lodestone":1,"minecraft:diamond_helmet":1,"minecraft:potion":2,"minecraft:oak_stairs":2,"minecraft:white_banner":10,"minecraft:string":1046,"minecraft:spruce_sapling":65,"minecraft:soul_soil":4,"minecraft:netherite_hoe":1,"minecraft:stone_sword":4,"minecraft:bowl":8,"minecraft:diamond_hoe":1,"minecraft:clay_ball":44,"minecraft:iron_boots":1,"minecraft:stone_slab":2,"minecraft:name_tag":1,"minecraft:cobblestone_slab":2,"minecraft:potato":2,"minecraft:hay_block":61,"minecraft:spruce_trapdoor":1,"minecraft:spruce_planks":40,"minecraft:diamond_pickaxe":11,"minecraft:spider_eye":28,"minecraft:sandstone":3,"minecraft:bow":16,"minecraft:green_concrete_powder":1,"minecraft:magma_block":2,"minecraft:guster_pottery_sherd":2,"minecraft:spruce_sign":6,"minecraft:soul_sand":19,"minecraft:brown_mushroom":3,"minecraft:diamond_axe":3,"minecraft:baked_potato":52,"minecraft:ender_pearl":9,"minecraft:decorated_pot":25,"minecraft:lantern":2,"minecraft:leather":4,"minecraft:honeycomb":13,"minecraft:mangrove_planks":12,"minecraft:heavy_core":1,"minecraft:flint":60,"minecraft:cracked_polished_blackstone_bricks":29,"minecraft:netherite_scrap":1,"minecraft:polished_blackstone_brick_stairs":3,"minecraft:crimson_roots":2,"minecraft:pumpkin_pie":60,"minecraft:polished_blackstone_bricks":112,"minecraft:gold_ingot":6,"minecraft:gravel":147,"minecraft:chiseled_polished_blackstone":3,"minecraft:blackstone":76,"minecraft:chiseled_tuff_bricks":13,"minecraft:soul_lantern":1,"minecraft:diamond_shovel":1,"minecraft:honey_bottle":5,"minecraft:carrot":82,"minecraft:poppy":1,"minecraft:leather_chestplate":2,"minecraft:gunpowder":6,"minecraft:lingering_potion":1,"minecraft:blackstone_slab":3,"minecraft:basalt":15,"minecraft:iron_bars":1,"minecraft:arrow":293,"minecraft:quartz":204,"minecraft:splash_potion":5,"minecraft:netherrack":2975,"minecraft:stone_hoe":1,"minecraft:golden_helmet":1,"minecraft:diamond_leggings":1,"minecraft:golden_axe":2,"minecraft:lead":2,"minecraft:ominous_trial_key":4,"minecraft:flow_armor_trim_smithing_template":1,"minecraft:stick":364,"minecraft:diorite":18,"minecraft:torch":8,"minecraft:waxed_oxidized_copper":41,"minecraft:fire_charge":6,"minecraft:iron_leggings":2,"minecraft:iron_axe":3,"minecraft:raw_iron_block":2,"minecraft:flow_banner_pattern":1,"minecraft:cactus":21,"minecraft:bucket":2,"minecraft:smooth_basalt":1,"minecraft:redstone":190,"minecraft:tuff_bricks":10,"minecraft:flow_pottery_sherd":1,"minecraft:blaze_rod":3,"minecraft:tuff":139,"minecraft:guster_banner_pattern":1,"minecraft:raw_iron":90,"minecraft:green_concrete":2,"minecraft:filled_map":1,"minecraft:shield":4,"minecraft:trial_key":5,"minecraft:diamond_chestplate":2,"minecraft:iron_chestplate":3,"minecraft:andesite":11,"minecraft:golden_leggings":1,"minecraft:oak_sapling":1,"minecraft:waxed_oxidized_cut_copper":1,"minecraft:golden_sword":7,"minecraft:slime_ball":407,"minecraft:waxed_chiseled_copper":1,"minecraft:diamond_boots":1,"minecraft:spruce_log":5289,"minecraft:stone_pickaxe":1,"minecraft:wooden_pickaxe":1,"minecraft:raw_gold":39,"minecraft:calcite":3,"minecraft:brick":116},"minecraft:broken":{"minecraft:shield":1,"minecraft:iron_pickaxe":2,"minecraft:stone_pickaxe":1},"minecraft:killed_by":{"minecraft:vindicator":1,"minecraft:creeper":1,"minecraft:piglin":1,"minecraft:blaze":1}},"DataVersion":3953}