{"stats":{"minecraft:broken":{"minecraft:shield":1,"minecraft:iron_pickaxe":2,"minecraft:stone_pickaxe":1},"minecraft:killed":{"minecraft:shulker":47,"minecraft:skeleton":66,"minecraft:skeleton_horse":1,"minecraft:magma_cube":6,"minecraft:iron_golem":1,"minecraft:pillager":20,"minecraft:zombie":150,"minecraft:evoker":3,"minecraft:vindicator":15,"minecraft:husk":12,"minecraft:ravager":3,"minecraft:breeze":8,"minecraft:enderman":28,"minecraft:zombified_piglin":3,"minecraft:witch":3,"minecraft:spider":20,"minecraft:silverfish":9,"minecraft:piglin_brute":10,"minecraft:piglin":51,"minecraft:zombie_villager":3,"minecraft:creeper":24,"minecraft:sheep":1,"minecraft:stray":105,"minecraft:ghast":4,"minecraft:blaze":43,"minecraft:vex":11,"minecraft:bogged":23,"minecraft:slime":162,"minecraft:phantom":3,"minecraft:drowned":4,"minecraft:hoglin":6,"minecraft:squid":1,"minecraft:wither_skeleton":3,"minecraft:villager":1},"minecraft:killed_by":{"minecraft:vindicator":1,"minecraft:shulker":3,"minecraft:creeper":1,"minecraft:piglin":1,"minecraft:blaze":1,"minecraft:enderman":1},"minecraft:mined":{"minecraft:stripped_warped_stem":1,"minecraft:white_bed":1,"minecraft:obsidian":9,"minecraft:granite":31,"minecraft:chiseled_polished_blackstone":12,"minecraft:oak_pressure_plate":2,"minecraft:deepslate_bricks":3,"minecraft:purpur_slab":4,"minecraft:deepslate_tile_stairs":4,"minecraft:chiseled_tuff_bricks":11,"minecraft:blue_wool":3,"minecraft:green_concrete":3,"minecraft:spawner":23,"minecraft:chorus_flower":3,"minecraft:polished_blackstone_bricks":322,"minecraft:magma_block":43,"minecraft:cobbled_deepslate":6,"minecraft:fire":48,"minecraft:barrel":1,"minecraft:moss_carpet":1,"minecraft:fletching_table":3,"minecraft:sculk_shrieker":33,"minecraft:dirt_path":2,"minecraft:oak_stairs":2,"minecraft:smooth_sandstone_stairs":1,"minecraft:white_shulker_box":1,"minecraft:tripwire":21,"minecraft:red_bed":1,"minecraft:smoker":1,"minecraft:crimson_nylium":8,"minecraft:soul_fire":21,"minecraft:powder_snow":1,"minecraft:torch":5,"minecraft:green_concrete_powder":1,"minecraft:glass":3,"minecraft:sugar_cane":70,"minecraft:crimson_stairs":2,"minecraft:amethyst_block":1,"minecraft:chain":3,"minecraft:repeater":3,"minecraft:wheat":107,"minecraft:waxed_copper_block":14,"minecraft:black_bed":5,"minecraft:stone_brick_stairs":2,"minecraft:infested_mossy_stone_bricks":1,"minecraft:smooth_basalt":1,"minecraft:blue_shulker_box":1,"minecraft:stonecutter":3,"minecraft:deepslate":1695,"minecraft:infested_deepslate":1,"minecraft:light_blue_wool":2,"minecraft:end_stone":216,"minecraft:nether_bricks":1,"minecraft:redstone_wire":45,"minecraft:red_mushroom":1,"minecraft:moss_block":3,"minecraft:cartography_table":4,"minecraft:waxed_oxidized_cut_copper":5,"minecraft:waxed_copper_grate":30,"minecraft:andesite":38,"minecraft:diamond_block":1,"minecraft:chiseled_tuff":1,"minecraft:cobblestone_slab":62,"minecraft:bone_block":14,"minecraft:white_wool":5,"minecraft:green_wool":22,"minecraft:ender_chest":1,"minecraft:glass_pane":2,"minecraft:soul_sand":21,"minecraft:smooth_sandstone":6,"minecraft:short_grass":43,"minecraft:emerald_ore":17,"minecraft:warped_roots":2,"minecraft:campfire":7,"minecraft:purpur_pillar":4,"minecraft:copper_ore":2,"minecraft:tall_grass":3,"minecraft:deepslate_gold_ore":15,"minecraft:diorite":19,"minecraft:stripped_spruce_wood":1,"minecraft:cobblestone_wall":2,"minecraft:spruce_log":5902,"minecraft:dark_prismarine_slab":1,"minecraft:gravel":952,"minecraft:dripstone_block":2,"minecraft:cobweb":16,"minecraft:spruce_fence_gate":1,"minecraft:stone_bricks":100,"minecraft:gold_ore":1,"minecraft:iron_trapdoor":1,"minecraft:infested_stone":6,"minecraft:waxed_cut_copper_slab":1,"minecraft:spruce_planks":13,"minecraft:cobbled_deepslate_stairs":3,"minecraft:sculk_vein":446,"minecraft:spruce_trapdoor":4,"minecraft:grass_block":81,"minecraft:cracked_polished_blackstone_bricks":79,"minecraft:purple_stained_glass_pane":1,"minecraft:soul_soil":26,"minecraft:polished_blackstone_pressure_plate":1,"minecraft:tuff_bricks":20,"minecraft:raw_iron_block":2,"minecraft:sculk_catalyst":12,"minecraft:iron_ore":97,"minecraft:polished_tuff":7,"minecraft:pointed_dripstone":2,"minecraft:iron_bars":11,"minecraft:end_stone_bricks":11,"minecraft:green_bed":9,"minecraft:deepslate_redstone_ore":21,"minecraft:blackstone":292,"minecraft:purpur_stairs":6,"minecraft:clay":11,"visualworkbench:minecraft/crafting_table":8,"minecraft:end_stone_brick_slab":1,"minecraft:calcite":3,"minecraft:chest":1,"minecraft:nether_quartz_ore":404,"minecraft:cobblestone":154,"minecraft:oak_planks":10,"minecraft:grindstone":4,"minecraft:waxed_chiseled_copper":1,"minecraft:iron_door":15,"minecraft:wall_torch":7,"minecraft:seagrass":1,"minecraft:warped_nylium":1,"minecraft:red_candle":1,"minecraft:warped_planks":8,"minecraft:nether_wart_block":6,"minecraft:waxed_oxidized_cut_copper_stairs":2,"minecraft:light_gray_wool":2,"minecraft:purpur_block":1,"minecraft:oak_log":23,"minecraft:waxed_oxidized_copper":4,"minecraft:sand":7,"minecraft:dirt":189,"minecraft:tripwire_hook":4,"minecraft:netherrack":17651,"minecraft:ancient_debris":21,"minecraft:oak_leaves":6,"minecraft:nether_gold_ore":176,"minecraft:tuff":161,"minecraft:deepslate_diamond_ore":25,"minecraft:glow_lichen":1,"minecraft:lever":3,"minecraft:ladder":1,"minecraft:decorated_pot":59,"minecraft:heavy_core":1,"minecraft:spruce_leaves":75,"minecraft:sandstone":4,"minecraft:large_fern":3,"minecraft:hay_block":90,"minecraft:deepslate_brick_slab":15,"minecraft:oxidized_cut_copper":1,"minecraft:furnace":4,"minecraft:carrots":7,"minecraft:stripped_spruce_log":3,"minecraft:oxidized_copper_trapdoor":1,"minecraft:gold_block":75,"minecraft:bookshelf":20,"minecraft:deepslate_iron_ore":40,"minecraft:packed_ice":1,"minecraft:stone":832,"minecraft:scaffolding":2,"minecraft:infested_stone_bricks":3,"minecraft:basalt":219,"minecraft:oak_fence":2,"minecraft:blackstone_slab":3,"minecraft:andesite_slab":1,"minecraft:sculk_sensor":67,"minecraft:lectern":4,"minecraft:stone_slab":1,"easyanvils:minecraft/chipped_anvil":2,"minecraft:polished_blackstone_brick_stairs":5,"minecraft:sculk":2125,"minecraft:spruce_stairs":1,"minecraft:gray_wool":182,"minecraft:end_stone_brick_stairs":3,"minecraft:waxed_oxidized_copper_grate":2,"minecraft:redstone_torch":1,"minecraft:white_wall_banner":8,"minecraft:coal_ore":387,"minecraft:cyan_carpet":1,"minecraft:cracked_stone_bricks":8,"minecraft:small_dripleaf":1,"minecraft:mossy_stone_bricks":8,"minecraft:warped_slab":1},"minecraft:custom":{"minecraft:interact_with_crafting_table":66,"minecraft:open_barrel":112,"minecraft:bell_ring":13,"minecraft:leave_game":32,"minecraft:time_since_death":11416,"minecraft:damage_blocked_by_shield":2520,"minecraft:play_time":1997902,"minecraft:deaths":13,"minecraft:jump":28763,"minecraft:enchant_item":2,"minecraft:interact_with_furnace":60,"minecraft:traded_with_villager":11825,"minecraft:interact_with_cartography_table":1,"minecraft:sleep_in_bed":39,"minecraft:damage_dealt":135424,"minecraft:interact_with_smoker":3,"minecraft:inspect_dispenser":21,"minecraft:horse_one_cm":14917,"minecraft:interact_with_smithing_table":18,"minecraft:interact_with_anvil":93,"minecraft:inspect_hopper":25,"minecraft:sneak_time":175789,"minecraft:interact_with_blast_furnace":28,"minecraft:total_world_time":1997903,"minecraft:interact_with_stonecutter":4,"minecraft:time_since_rest":5477,"minecraft:swim_one_cm":125598,"minecraft:fly_one_cm":7774985,"minecraft:open_chest":1323,"minecraft:fall_one_cm":765335,"minecraft:open_shulker_box":48,"minecraft:sprint_one_cm":4507719,"minecraft:drop":930,"minecraft:talked_to_villager":363,"minecraft:interact_with_brewingstand":22,"minecraft:walk_on_water_one_cm":128255,"minecraft:open_enderchest":32,"minecraft:crouch_one_cm":596740,"minecraft:mob_kills":874,"minecraft:climb_one_cm":33086,"minecraft:walk_one_cm":2816767,"minecraft:raid_win":1,"minecraft:walk_under_water_one_cm":73250,"minecraft:boat_one_cm":215373,"minecraft:raid_trigger":1,"minecraft:interact_with_grindstone":21,"minecraft:damage_taken":29944,"minecraft:aviate_one_cm":327855},"minecraft:used":{"minecraft:tuff_bricks":6,"minecraft:heavy_core":1,"minecraft:elytra":2,"minecraft:chest":17,"minecraft:stone":3,"minecraft:soul_sand":1,"minecraft:deepslate_brick_slab":10,"minecraft:azure_bluet":1,"minecraft:wandering_trader_spawn_egg":31,"minecraft:honeycomb":3,"minecraft:lava_bucket":22,"minecraft:netherite_shovel":34,"minecraft:netherite_hoe":2639,"minecraft:stone_brick_stairs":2,"minecraft:netherite_boots":3,"minecraft:bow":36,"minecraft:ominous_bottle":4,"minecraft:oak_sapling":2,"minecraft:furnace":3,"minecraft:egg":1,"minecraft:end_stone_brick_stairs":2,"minecraft:diorite":8,"minecraft:end_stone_bricks":9,"minecraft:chorus_fruit":2,"minecraft:blackstone":2,"minecraft:wooden_pickaxe":18,"minecraft:emerald":1,"minecraft:composter":3,"minecraft:purpur_pillar":4,"minecraft:purpur_stairs":5,"minecraft:sand":1,"minecraft:netherite_helmet":1,"more_bows_and_arrows:diamond_bow":33,"minecraft:stone_button":1,"minecraft:lectern":3,"minecraft:oak_pressure_plate":1,"minecraft:soul_lantern":1,"minecraft:chiseled_tuff_bricks":2,"minecraft:nether_wart_block":2,"minecraft:diamond_sword":674,"minecraft:oak_boat":3,"minecraft:iron_bars":11,"minecraft:stone_sword":78,"minecraft:trial_key":13,"minecraft:netherrack":2484,"minecraft:torch":67,"minecraft:chorus_flower":1,"minecraft:chipped_anvil":2,"minecraft:barrel":3,"minecraft:diamond_chestplate":4,"minecraft:basalt":3,"minecraft:tripwire_hook":16,"minecraft:iron_trapdoor":1,"minecraft:cobbled_deepslate":140,"minecraft:water_bucket":186,"minecraft:cartography_table":5,"minecraft:waxed_oxidized_cut_copper":1,"minecraft:fletching_table":3,"minecraft:spruce_fence_gate":13,"minecraft:polished_blackstone_bricks":138,"minecraft:crafting_table":10,"minecraft:spruce_log":18,"minecraft:diamond_pickaxe":22010,"minecraft:ominous_trial_key":13,"minecraft:diamond_shovel":1127,"minecraft:wind_charge":14,"minecraft:iron_pickaxe":733,"minecraft:suspicious_stew":6,"minecraft:purpur_slab":3,"minecraft:spruce_trapdoor":13,"minecraft:spruce_sapling":318,"minecraft:cobblestone":522,"minecraft:potion":6,"minecraft:crimson_stairs":1,"minecraft:glass_pane":7,"minecraft:diamond_leggings":1,"minecraft:moss_carpet":1,"minecraft:diamond_hoe":35,"minecraft:decorated_pot":4,"minecraft:shield":49,"minecraft:zombie_spawn_egg":4,"minecraft:bell":1,"minecraft:sculk_sensor":2,"minecraft:iron_chestplate":3,"minecraft:carrot":92,"minecraft:waxed_copper_grate":12,"minecraft:tuff":53,"minecraft:obsidian":30,"minecraft:glass":7,"minecraft:waxed_oxidized_copper":19,"minecraft:waxed_oxidized_copper_grate":2,"minecraft:bricks":2,"minecraft:lantern":2,"minecraft:iron_helmet":1,"minecraft:crimson_roots":1,"minecraft:stone_bricks":187,"minecraft:repeater":6,"minecraft:hay_block":1,"minecraft:scaffolding":7,"minecraft:chiseled_polished_blackstone":3,"minecraft:diamond_boots":2,"minecraft:stone_pickaxe":131,"minecraft:gray_carpet":2,"minecraft:oak_planks":4,"minecraft:mangrove_planks":4,"minecraft:ender_pearl":29,"minecraft:sugar_cane":23,"minecraft:end_stone_brick_slab":1,"minecraft:diamond_axe":6013,"minecraft:white_wool":2,"minecraft:netherite_leggings":2,"minecraft:light_blue_wool":44,"minecraft:crossbow":29,"minecraft:lingering_potion":1,"minecraft:black_bed":6,"minecraft:end_stone":320,"minecraft:cobbled_deepslate_stairs":2,"minecraft:shears":257,"minecraft:polished_tuff":2,"minecraft:redstone_torch":1,"minecraft:lever":4,"minecraft:firework_rocket":11,"minecraft:string":54,"minecraft:bread":66,"minecraft:warped_slab":1,"minecraft:deepslate":1,"minecraft:gravel":3,"minecraft:golden_helmet":3,"minecraft:grindstone":3,"minecraft:andesite":8,"minecraft:chain":2,"minecraft:bone_meal":112,"minecraft:experience_bottle":15,"minecraft:oak_fence":1,"minecraft:purpur_block":1,"minecraft:netherite_sword":939,"minecraft:flint_and_steel":2,"minecraft:redstone":82,"minecraft:spruce_planks":17,"minecraft:stone_hoe":113,"minecraft:spyglass":11,"minecraft:dirt":226,"minecraft:hopper":4,"minecraft:diamond_helmet":4,"minecraft:warped_door":1,"minecraft:bookshelf":1,"minecraft:polished_blackstone_brick_stairs":2,"minecraft:iron_boots":1,"minecraft:crimson_planks":1,"minecraft:light_gray_wool":2,"minecraft:golden_carrot":347,"minecraft:deepslate_tile_stairs":2,"minecraft:netherite_pickaxe":805,"minecraft:iron_leggings":1,"minecraft:amethyst_block":1,"minecraft:netherite_chestplate":2,"minecraft:baked_potato":2,"minecraft:blue_wool":42,"minecraft:spruce_sign":2,"minecraft:stonecutter":3,"minecraft:green_bed":13,"minecraft:cobblestone_slab":121,"minecraft:waxed_copper_block":4,"more_bows_and_arrows:netherite_bow":217,"minecraft:dark_prismarine_slab":1,"minecraft:brown_banner":2,"minecraft:warped_planks":7,"minecraft:cracked_polished_blackstone_bricks":11,"minecraft:netherite_axe":15,"minecraft:stone_axe":60,"minecraft:white_banner":10,"minecraft:bucket":209,"minecraft:pumpkin_pie":4,"minecraft:sea_pickle":2,"minecraft:splash_potion":8,"minecraft:gray_wool":182},"minecraft:dropped":{"minecraft:porkchop":4,"minecraft:oak_pressure_plate":1,"minecraft:cooked_beef":15,"minecraft:chorus_fruit":4,"minecraft:glass_bottle":13,"minecraft:diamond":62,"minecraft:crossbow":7,"minecraft:warped_roots":3,"minecraft:cracked_stone_bricks":8,"minecraft:saddle":6,"minecraft:elytra":3,"minecraft:red_mushroom":3,"minecraft:emerald":258,"minecraft:gold_block":3,"minecraft:dirt":19,"minecraft:scrape_pottery_sherd":8,"minecraft:gold_nugget":203,"minecraft:bone_meal":78,"minecraft:bone_block":14,"minecraft:phantom_membrane":2,"minecraft:sand":6,"minecraft:bolt_armor_trim_smithing_template":3,"minecraft:sugar":10,"minecraft:iron_pickaxe":2,"minecraft:bone":389,"minecraft:waxed_cut_copper_slab":1,"minecraft:oak_door":1,"minecraft:stone_axe":3,"minecraft:ancient_debris":21,"minecraft:diamond_block":1,"minecraft:cooked_chicken":1,"minecraft:cobbled_deepslate":24,"minecraft:netherite_sword":1,"minecraft:wheat":104,"minecraft:deepslate_brick_slab":8,"minecraft:rotten_flesh":272,"minecraft:oak_planks":34,"minecraft:enchanted_golden_apple":3,"minecraft:end_stone":17,"minecraft:glowstone_dust":2,"minecraft:azure_bluet":1,"minecraft:white_bed":1,"minecraft:waxed_copper_block":9,"minecraft:salmon":2,"minecraft:warped_planks":3,"minecraft:echo_shard":1,"minecraft:wind_charge":68,"minecraft:tipped_arrow":225,"minecraft:red_candle":3,"minecraft:charcoal":21,"minecraft:ladder":136,"minecraft:leather_leggings":1,"minecraft:breeze_rod":51,"minecraft:chiseled_tuff":1,"minecraft:ghast_tear":1,"minecraft:enchanted_book":12,"minecraft:golden_boots":1,"minecraft:iron_ingot":95,"minecraft:netherite_pickaxe":3,"minecraft:wheat_seeds":290,"minecraft:cobbled_deepslate_stairs":1,"minecraft:deepslate_redstone_ore":1,"minecraft:oxidized_cut_copper":1,"minecraft:waxed_oxidized_cut_copper_stairs":3,"minecraft:oak_fence":2,"minecraft:iron_helmet":2,"minecraft:cobblestone":313,"minecraft:book":120,"minecraft:waxed_copper_grate":8,"minecraft:apple":2,"minecraft:coal":477,"minecraft:golden_apple":3,"minecraft:golden_carrot":63,"minecraft:lodestone":1,"minecraft:diamond_helmet":1,"minecraft:potion":3,"minecraft:oak_stairs":2,"minecraft:white_banner":10,"minecraft:string":1053,"minecraft:spruce_sapling":65,"minecraft:purpur_pillar":1,"minecraft:soul_soil":4,"minecraft:netherite_hoe":2,"minecraft:soul_torch":17,"minecraft:stone_sword":4,"minecraft:bowl":8,"minecraft:diamond_hoe":3,"minecraft:clay_ball":44,"minecraft:iron_boots":1,"minecraft:stone_slab":2,"minecraft:name_tag":1,"minecraft:shears":1,"minecraft:potato":2,"minecraft:cobblestone_slab":2,"minecraft:hay_block":61,"minecraft:cyan_wool":25,"minecraft:spruce_trapdoor":1,"minecraft:spruce_planks":40,"minecraft:diamond_pickaxe":12,"minecraft:spider_eye":31,"minecraft:stone_bricks":9,"minecraft:sandstone":3,"minecraft:bow":16,"minecraft:green_concrete_powder":1,"minecraft:magma_block":2,"minecraft:guster_pottery_sherd":2,"minecraft:spruce_sign":6,"minecraft:soul_sand":19,"minecraft:brown_mushroom":3,"minecraft:diamond_axe":3,"minecraft:baked_potato":52,"minecraft:ender_pearl":33,"minecraft:decorated_pot":25,"minecraft:lantern":2,"minecraft:leather":4,"minecraft:honeycomb":13,"minecraft:mangrove_planks":12,"minecraft:heavy_core":1,"minecraft:flint":61,"minecraft:deepslate_tile_stairs":2,"minecraft:cracked_polished_blackstone_bricks":29,"minecraft:netherite_scrap":1,"minecraft:polished_blackstone_brick_stairs":3,"minecraft:crimson_roots":2,"minecraft:pumpkin_pie":60,"minecraft:polished_blackstone_bricks":112,"minecraft:gold_ingot":6,"minecraft:gravel":150,"minecraft:chiseled_polished_blackstone":3,"minecraft:blackstone":76,"minecraft:spyglass":2,"minecraft:chiseled_tuff_bricks":13,"minecraft:pointed_dripstone":6,"minecraft:soul_lantern":1,"minecraft:diamond_shovel":1,"minecraft:honey_bottle":5,"minecraft:carrot":82,"minecraft:poppy":1,"minecraft:leather_chestplate":2,"minecraft:trident":3,"minecraft:gunpowder":19,"minecraft:lingering_potion":1,"minecraft:blackstone_slab":3,"minecraft:iron_bars":8,"minecraft:basalt":15,"minecraft:arrow":300,"minecraft:quartz":204,"minecraft:splash_potion":5,"minecraft:netherrack":3039,"minecraft:firework_rocket":532,"minecraft:stone_hoe":1,"minecraft:golden_helmet":1,"minecraft:diamond_leggings":1,"minecraft:golden_axe":2,"minecraft:lead":2,"minecraft:ominous_trial_key":4,"minecraft:grass_block":1,"minecraft:flow_armor_trim_smithing_template":1,"minecraft:stick":686,"minecraft:diorite":18,"minecraft:torch":8,"minecraft:iron_door":14,"minecraft:waxed_oxidized_copper":41,"minecraft:fire_charge":6,"minecraft:iron_leggings":2,"minecraft:iron_axe":3,"minecraft:raw_iron_block":2,"minecraft:flow_banner_pattern":1,"minecraft:cactus":21,"minecraft:bucket":2,"minecraft:smooth_basalt":1,"minecraft:redstone":192,"minecraft:anvil":1,"minecraft:tuff_bricks":10,"minecraft:flow_pottery_sherd":1,"minecraft:ender_chest":1,"minecraft:blaze_rod":3,"minecraft:tuff":142,"minecraft:guster_banner_pattern":1,"minecraft:raw_iron":117,"minecraft:green_concrete":2,"minecraft:ender_eye":1,"minecraft:deepslate_bricks":2,"minecraft:filled_map":1,"minecraft:shield":4,"minecraft:trial_key":5,"minecraft:diamond_chestplate":3,"minecraft:iron_chestplate":3,"minecraft:andesite":11,"minecraft:mossy_stone_bricks":11,"minecraft:golden_leggings":1,"minecraft:oak_sapling":1,"minecraft:waxed_oxidized_cut_copper":1,"minecraft:golden_sword":7,"minecraft:spruce_log":5289,"minecraft:diamond_boots":1,"minecraft:waxed_chiseled_copper":1,"minecraft:slime_ball":407,"minecraft:stone_pickaxe":1,"minecraft:wooden_pickaxe":1,"minecraft:raw_gold":39,"minecraft:calcite":3,"minecraft:brick":116},"minecraft:crafted":{"minecraft:black_dye":1,"minecraft:cactus":21,"minecraft:bookshelf":1,"minecraft:mace":1,"minecraft:repeater":3,"minecraft:diamond_helmet":1,"minecraft:diamond_leggings":2,"minecraft:emerald":10351,"minecraft:green_bed":7,"minecraft:cartography_table":1,"minecraft:iron_pickaxe":2,"minecraft:gold_ingot":146,"minecraft:spruce_fence_gate":12,"minecraft:bone_meal":177,"minecraft:spruce_slab":6,"minecraft:stone_pickaxe":2,"minecraft:diamond_boots":1,"minecraft:crossbow":2,"minecraft:enchanted_book":15,"minecraft:gunpowder":1728,"minecraft:oak_planks":92,"minecraft:cobblestone_slab":66,"minecraft:barrel":3,"more_bows_and_arrows:netherite_bow":1,"minecraft:warped_planks":4,"minecraft:hopper":4,"minecraft:bow":2,"minecraft:chest":19,"minecraft:bricks":2,"minecraft:stone_hoe":1,"minecraft:stone_bricks":256,"minecraft:arrow":784,"minecraft:map":23,"minecraft:crafting_table":3,"minecraft:spruce_planks":872,"minecraft:wooden_pickaxe":1,"minecraft:baked_potato":7,"minecraft:gold_block":16,"minecraft:spruce_trapdoor":10,"minecraft:iron_chestplate":1,"minecraft:paper":78,"minecraft:emerald_block":745,"minecraft:diamond_pickaxe":1,"minecraft:stick":1368,"minecraft:iron_ingot":57,"minecraft:stone_sword":3,"minecraft:black_bed":1,"minecraft:redstone_torch":7,"minecraft:shears":2,"minecraft:redstone":18,"minecraft:furnace":1,"minecraft:flint_and_steel":1,"minecraft:diamond_sword":1,"minecraft:stone_axe":2,"minecraft:air":0,"minecraft:oak_boat":1,"minecraft:gold_nugget":27,"minecraft:anvil":1,"minecraft:torch":4,"minecraft:firework_rocket":234,"minecraft:diamond_chestplate":1},"minecraft:picked_up":{"minecraft:iron_chestplate":2,"minecraft:suspicious_stew":3,"minecraft:lead":3,"minecraft:stone_slab":2,"minecraft:diamond_sword":2,"minecraft:oak_stairs":2,"minecraft:enchanted_book":23,"minecraft:golden_sword":7,"minecraft:amethyst_block":1,"minecraft:polished_blackstone_brick_stairs":5,"minecraft:music_disc_cat":1,"minecraft:string":1132,"minecraft:soul_soil":24,"minecraft:diamond_leggings":1,"minecraft:gold_nugget":1490,"minecraft:cobbled_deepslate":1753,"minecraft:spruce_planks":31,"minecraft:trial_key":16,"minecraft:netherite_upgrade_smithing_template":1,"minecraft:warped_slab":2,"minecraft:enchanted_golden_apple":3,"minecraft:golden_helmet":2,"minecraft:composter":1,"minecraft:purpur_pillar":6,"minecraft:green_bed":10,"minecraft:golden_axe":2,"minecraft:waxed_copper_grate":27,"minecraft:warped_planks":8,"minecraft:deepslate_tile_stairs":4,"minecraft:golden_chestplate":1,"minecraft:warped_door":1,"minecraft:stone_sword":3,"minecraft:honey_bottle":3,"minecraft:light_blue_wool":45,"minecraft:iron_block":2,"minecraft:netherite_chestplate":3,"minecraft:blaze_rod":155,"minecraft:iron_bars":19,"minecraft:magma_block":2,"minecraft:cooked_beef":18,"minecraft:iron_door":14,"minecraft:medium_amethyst_bud":8,"minecraft:water_bucket":3,"minecraft:green_concrete_powder":1,"minecraft:smoker":1,"minecraft:flint":409,"minecraft:stripped_spruce_wood":4,"minecraft:netherite_leggings":3,"minecraft:lantern":5,"minecraft:chipped_anvil":2,"minecraft:large_amethyst_bud":8,"minecraft:stonecutter":3,"minecraft:guster_banner_pattern":1,"minecraft:diamond_helmet":2,"minecraft:glowstone_dust":2,"minecraft:moss_block":1,"minecraft:honeycomb":1,"minecraft:chiseled_polished_blackstone":12,"minecraft:stripped_spruce_log":3,"minecraft:ink_sac":3,"minecraft:barrel":1,"minecraft:green_concrete":2,"minecraft:deepslate":1,"minecraft:lever":4,"minecraft:granite":30,"minecraft:bread":3,"minecraft:ominous_trial_key":17,"minecraft:crimson_roots":3,"minecraft:diamond_pickaxe":20,"minecraft:crafting_table":9,"minecraft:ominous_bottle":10,"minecraft:clay_ball":44,"minecraft:leather_leggings":1,"minecraft:purpur_block":1,"minecraft:wind_charge":189,"minecraft:elytra":5,"minecraft:red_bed":1,"minecraft:flow_banner_pattern":1,"minecraft:cracked_stone_bricks":8,"minecraft:cartography_table":4,"minecraft:netherite_sword":3,"minecraft:stripped_warped_stem":1,"minecraft:chiseled_tuff":1,"minecraft:cyan_wool":25,"minecraft:poppy":1,"minecraft:spruce_slab":1,"minecraft:guster_pottery_sherd":2,"minecraft:chest":1,"minecraft:waxed_oxidized_copper":65,"minecraft:diamond_hoe":4,"minecraft:egg":1,"minecraft:sandstone":8,"minecraft:stone":2,"minecraft:oak_door":1,"minecraft:amethyst_cluster":4,"minecraft:flow_pottery_sherd":2,"minecraft:mace":2,"minecraft:carrot":47,"minecraft:redstone":556,"minecraft:netherite_pickaxe":7,"minecraft:diamond_chestplate":4,"minecraft:decorated_pot":29,"minecraft:hay_block":91,"minecraft:shears":1,"minecraft:deepslate_bricks":3,"minecraft:diamond_boots":3,"minecraft:purpur_slab":3,"minecraft:waxed_oxidized_cut_copper_stairs":3,"minecraft:flow_armor_trim_smithing_template":1,"minecraft:gold_ingot":5,"minecraft:totem_of_undying":4,"minecraft:tuff_bricks":16,"minecraft:mutton":1,"minecraft:white_wool":12,"minecraft:bone_block":28,"more_bows_and_arrows:diamond_arrow":420,"minecraft:tripwire_hook":20,"minecraft:blackstone_slab":3,"minecraft:red_mushroom":4,"minecraft:filled_map":1,"minecraft:purpur_stairs":8,"minecraft:oak_log":23,"minecraft:ancient_debris":21,"minecraft:golden_boots":1,"minecraft:paper":3,"minecraft:white_banner":25,"minecraft:apple":2,"minecraft:stone_bricks":83,"minecraft:glass_bottle":6,"minecraft:mangrove_planks":16,"minecraft:smooth_basalt":1,"minecraft:spyglass":1,"minecraft:gravel":182,"minecraft:crimson_stairs":3,"minecraft:small_amethyst_bud":8,"minecraft:spruce_sapling":1035,"minecraft:spruce_log":6159,"minecraft:polished_tuff":3,"more_bows_and_arrows:netherite_bow":6,"minecraft:firework_rocket":554,"minecraft:diamond_shovel":4,"minecraft:slime_ball":617,"minecraft:stone_axe":1,"minecraft:diamond_axe":8,"minecraft:deepslate_redstone_ore":1,"minecraft:gray_wool":182,"minecraft:warped_roots":3,"minecraft:lodestone":1,"minecraft:baked_potato":50,"minecraft:brown_banner":2,"minecraft:ender_pearl":126,"minecraft:shulker_shell":43,"minecraft:wheat":104,"minecraft:iron_trapdoor":1,"minecraft:ender_chest":1,"minecraft:nether_brick_fence":1,"minecraft:turtle_egg":13,"minecraft:potion":16,"minecraft:stone_brick_stairs":2,"minecraft:crimson_planks":2,"minecraft:waxed_cut_copper_slab":1,"minecraft:iron_leggings":1,"minecraft:red_candle":3,"minecraft:netherite_ingot":1,"minecraft:sea_pickle":2,"minecraft:bucket":3,"minecraft:redstone_torch":1,"minecraft:cobblestone_slab":63,"minecraft:ender_eye":1,"minecraft:calcite":3,"minecraft:azalea":1,"minecraft:iron_pickaxe":2,"minecraft:furnace":4,"minecraft:blue_wool":42,"minecraft:tipped_arrow":223,"minecraft:stick":432,"minecraft:oak_fence":3,"minecraft:torch":233,"minecraft:spruce_stairs":1,"minecraft:porkchop":4,"minecraft:netherite_shovel":1,"minecraft:pointed_dripstone":6,"minecraft:diorite":26,"minecraft:rotten_flesh":302,"minecraft:green_wool":21,"minecraft:chorus_flower":1,"minecraft:obsidian":33,"minecraft:cobblestone":1005,"minecraft:leather_chestplate":2,"minecraft:repeater":3,"minecraft:andesite":41,"minecraft:black_bed":5,"minecraft:golden_leggings":1,"minecraft:potato":3,"minecraft:tuff":212,"minecraft:smooth_sandstone_stairs":2,"minecraft:dirt":258,"minecraft:name_tag":1,"minecraft:glass":153,"minecraft:bone":520,"minecraft:bow":18,"minecraft:wheat_seeds":290,"minecraft:deepslate_brick_slab":18,"minecraft:raw_gold":41,"minecraft:grindstone":4,"minecraft:bolt_armor_trim_smithing_template":11,"minecraft:mossy_stone_bricks":11,"minecraft:fletching_table":4,"minecraft:scrape_pottery_sherd":8,"minecraft:oak_planks":11,"minecraft:ghast_tear":1,"minecraft:cooked_porkchop":3,"minecraft:oak_pressure_plate":2,"minecraft:waxed_chiseled_copper":1,"minecraft:sand":7,"minecraft:grass_block":1,"minecraft:diamond_block":2,"minecraft:dark_prismarine_slab":2,"minecraft:spruce_fence_gate":2,"minecraft:soul_lantern":2,"minecraft:sugar":10,"minecraft:diamond":58,"minecraft:netherite_helmet":3,"minecraft:polished_blackstone_pressure_plate":1,"minecraft:waxed_oxidized_copper_grate":2,"minecraft:cracked_polished_blackstone_bricks":66,"minecraft:crossbow":10,"minecraft:breeze_rod":66,"minecraft:bone_meal":27,"minecraft:golden_apple":23,"minecraft:spruce_sign":8,"minecraft:emerald":626,"minecraft:oak_sapling":4,"minecraft:netherrack":6779,"minecraft:chorus_fruit":6,"minecraft:end_stone_bricks":9,"minecraft:charcoal":35,"minecraft:waxed_oxidized_cut_copper":2,"minecraft:end_stone_brick_stairs":2,"minecraft:azure_bluet":2,"minecraft:splash_potion":7,"minecraft:ladder":136,"minecraft:brown_mushroom":3,"minecraft:gold_block":136,"more_bows_and_arrows:diamond_bow":2,"minecraft:chain":2,"minecraft:brick":151,"minecraft:shield":5,"minecraft:dragon_breath":1,"minecraft:moss_carpet":1,"minecraft:iron_axe":3,"minecraft:cyan_carpet":1,"minecraft:blackstone":204,"minecraft:echo_shard":1,"minecraft:oak_boat":3,"minecraft:light_gray_wool":2,"minecraft:lectern":3,"minecraft:sugar_cane":142,"minecraft:spruce_trapdoor":4,"minecraft:phantom_membrane":2,"minecraft:raw_iron":205,"minecraft:end_stone":435,"minecraft:bowl":2,"minecraft:polished_blackstone_bricks":356,"minecraft:stone_button":1,"minecraft:trident":3,"minecraft:arrow":613,"minecraft:pumpkin_pie":64,"minecraft:saddle":6,"minecraft:netherite_boots":3,"minecraft:purple_dye":1,"minecraft:basalt":210,"minecraft:golden_carrot":907,"minecraft:salmon":2,"minecraft:leather":4,"minecraft:waxed_copper_block":13,"minecraft:gunpowder":48,"minecraft:nether_wart_block":6,"minecraft:cobbled_deepslate_stairs":3,"minecraft:cobblestone_wall":2,"minecraft:gray_carpet":2,"minecraft:iron_ingot":52,"minecraft:cooked_chicken":2,"minecraft:oxidized_cut_copper":1,"minecraft:soul_sand":21,"minecraft:book":149,"minecraft:emerald_block":129,"minecraft:heavy_core":3,"minecraft:quartz":224,"minecraft:raw_iron_block":2,"minecraft:lava_bucket":4,"minecraft:soul_torch":17,"minecraft:white_bed":1,"minecraft:spider_eye":31,"minecraft:netherite_hoe":2,"minecraft:end_stone_brick_slab":1,"minecraft:chiseled_tuff_bricks":15,"minecraft:coal":552}},"DataVersion":3953}