{"stats":{"minecraft:custom":{"minecraft:interact_with_crafting_table":109,"minecraft:open_barrel":48,"minecraft:leave_game":8,"minecraft:time_since_death":1581870,"minecraft:damage_blocked_by_shield":1200,"minecraft:play_time":1581870,"minecraft:jump":18298,"minecraft:enchant_item":29,"minecraft:interact_with_furnace":104,"minecraft:traded_with_villager":7159,"minecraft:sleep_in_bed":46,"minecraft:damage_dealt":25877,"minecraft:interact_with_smoker":5,"minecraft:interact_with_smithing_table":14,"minecraft:interact_with_anvil":170,"minecraft:inspect_hopper":4,"minecraft:sneak_time":39037,"minecraft:interact_with_blast_furnace":143,"minecraft:total_world_time":1581870,"minecraft:interact_with_stonecutter":15,"minecraft:time_since_rest":136970,"minecraft:swim_one_cm":52835,"minecraft:fly_one_cm":3129293,"minecraft:open_chest":961,"minecraft:fall_one_cm":312457,"minecraft:sprint_one_cm":1870839,"minecraft:drop":593,"minecraft:talked_to_villager":675,"minecraft:interact_with_brewingstand":46,"minecraft:walk_on_water_one_cm":47960,"minecraft:interact_with_loom":1,"minecraft:crouch_one_cm":138560,"minecraft:mob_kills":266,"minecraft:climb_one_cm":10679,"minecraft:walk_one_cm":3055250,"minecraft:walk_under_water_one_cm":11483,"minecraft:pot_flower":1,"minecraft:interact_with_grindstone":16,"minecraft:damage_taken":5483},"minecraft:killed":{"minecraft:skeleton":34,"minecraft:chicken":1,"minecraft:magma_cube":35,"minecraft:iron_golem":2,"minecraft:zombie":33,"minecraft:cow":7,"minecraft:wandering_trader":30,"minecraft:enderman":11,"minecraft:zombified_piglin":1,"minecraft:spider":10,"minecraft:silverfish":3,"minecraft:piglin_brute":14,"minecraft:piglin":34,"minecraft:zombie_villager":3,"minecraft:creeper":2,"minecraft:sheep":1,"minecraft:trader_llama":4,"minecraft:ghast":3,"minecraft:blaze":1,"minecraft:slime":1,"minecraft:bat":2,"minecraft:hoglin":13},"minecraft:mined":{"minecraft:stripped_warped_stem":1,"minecraft:white_bed":6,"minecraft:obsidian":9,"minecraft:granite":11,"minecraft:stone_brick_wall":1,"minecraft:oak_pressure_plate":1,"minecraft:coal_block":1,"minecraft:nether_wart":12,"minecraft:spawner":13,"minecraft:polished_blackstone_bricks":16,"minecraft:magma_block":11,"minecraft:cobbled_deepslate":9,"minecraft:fire":6,"minecraft:fletching_table":4,"minecraft:deepslate_lapis_ore":12,"minecraft:dirt_path":76,"minecraft:oak_stairs":8,"minecraft:small_amethyst_bud":4,"minecraft:green_carpet":2,"minecraft:smooth_sandstone_stairs":2,"easyanvils:minecraft/anvil":2,"minecraft:tripwire":2,"minecraft:crimson_nylium":22,"minecraft:soul_fire":4,"minecraft:amethyst_cluster":2,"minecraft:torch":20,"minecraft:blast_furnace":2,"minecraft:white_stained_glass_pane":1,"minecraft:sugar_cane":9,"minecraft:wheat":5,"minecraft:black_bed":1,"minecraft:oak_fence_gate":3,"minecraft:deepslate":732,"minecraft:dark_prismarine":1,"minecraft:mossy_cobblestone":78,"minecraft:redstone_ore":30,"minecraft:andesite":10,"minecraft:cobblestone_slab":12,"minecraft:white_wool":9,"minecraft:smithing_table":2,"minecraft:oak_slab":18,"minecraft:glass_pane":9,"minecraft:soul_sand":21,"minecraft:dandelion":1,"minecraft:smooth_sandstone":6,"minecraft:short_grass":79,"minecraft:emerald_ore":47,"minecraft:tall_grass":105,"minecraft:copper_ore":1,"minecraft:deepslate_gold_ore":86,"minecraft:diorite":9,"minecraft:warped_wart_block":1,"minecraft:purple_bed":4,"minecraft:stripped_spruce_wood":3,"minecraft:spruce_log":2614,"minecraft:dark_prismarine_slab":1,"minecraft:gravel":549,"minecraft:spruce_fence_gate":1,"minecraft:stone_bricks":1,"minecraft:deepslate_emerald_ore":22,"minecraft:fern":2,"minecraft:large_amethyst_bud":4,"minecraft:spruce_planks":16,"minecraft:farmland":153,"minecraft:cobbled_deepslate_stairs":3,"minecraft:cobblestone_stairs":38,"minecraft:andesite_stairs":1,"minecraft:sculk_vein":6,"minecraft:grass_block":204,"minecraft:cracked_polished_blackstone_bricks":7,"minecraft:soul_soil":1,"minecraft:composter":6,"minecraft:raw_iron_block":4,"minecraft:glowstone":41,"minecraft:iron_ore":437,"minecraft:anvil":1,"minecraft:azure_bluet":6,"minecraft:iron_bars":1,"minecraft:spruce_slab":1,"minecraft:deepslate_redstone_ore":111,"minecraft:quartz_block":6,"minecraft:blackstone":79,"minecraft:medium_amethyst_bud":4,"visualworkbench:minecraft/crafting_table":3,"minecraft:calcite":1,"minecraft:poppy":3,"minecraft:chest":6,"minecraft:nether_quartz_ore":904,"minecraft:cobblestone":808,"minecraft:grindstone":3,"minecraft:oak_planks":80,"minecraft:wall_torch":11,"minecraft:seagrass":5,"minecraft:stone_stairs":1,"minecraft:warped_planks":6,"minecraft:nether_wart_block":1,"minecraft:yellow_wool":9,"minecraft:stripped_oak_wood":2,"minecraft:yellow_stained_glass_pane":1,"minecraft:oak_log":310,"minecraft:sand":13,"minecraft:dirt":56,"minecraft:netherrack":5104,"minecraft:ancient_debris":115,"minecraft:oak_leaves":12,"minecraft:nether_gold_ore":13,"minecraft:tuff":167,"minecraft:deepslate_diamond_ore":213,"minecraft:oak_door":11,"minecraft:glow_lichen":10,"minecraft:ladder":6,"minecraft:spruce_leaves":85,"minecraft:large_fern":2,"minecraft:hay_block":1,"minecraft:deepslate_brick_slab":61,"minecraft:spruce_sapling":4,"minecraft:furnace":1,"minecraft:gold_block":5,"minecraft:bell":1,"minecraft:nether_brick_fence":2,"minecraft:bookshelf":36,"minecraft:deepslate_iron_ore":150,"minecraft:lantern":5,"minecraft:stripped_oak_log":4,"minecraft:stone":299,"minecraft:podzol":18,"minecraft:basalt":2,"minecraft:spruce_door":1,"minecraft:oak_fence":59,"minecraft:sculk_sensor":2,"minecraft:lectern":16,"easyanvils:minecraft/chipped_anvil":10,"minecraft:lapis_ore":14,"minecraft:sculk":71,"minecraft:spruce_stairs":2,"minecraft:white_wall_banner":1,"minecraft:yellow_bed":1,"minecraft:coal_ore":654,"minecraft:ochre_froglight":1,"minecraft:lodestone":3},"minecraft:dropped":{"minecraft:iron_sword":1,"minecraft:oak_pressure_plate":2,"minecraft:cooked_beef":15,"minecraft:crafting_table":2,"minecraft:crossbow":2,"minecraft:fletching_table":1,"minecraft:emerald":589,"minecraft:gold_block":2,"minecraft:dirt":23,"more_bows_and_arrows:diamond_bow":1,"minecraft:gold_nugget":34,"minecraft:bone_meal":27,"minecraft:iron_pickaxe":3,"minecraft:white_wool":18,"minecraft:small_amethyst_bud":4,"minecraft:bone":70,"minecraft:oak_door":16,"minecraft:stone_axe":6,"minecraft:lever":1,"minecraft:cobbled_deepslate":59,"minecraft:wheat":4,"minecraft:deepslate_brick_slab":4,"minecraft:rotten_flesh":39,"minecraft:oak_planks":5,"minecraft:white_bed":7,"minecraft:warped_planks":3,"minecraft:charcoal":21,"minecraft:ladder":6,"minecraft:leather_leggings":1,"minecraft:spruce_slab":4,"minecraft:glass":156,"minecraft:enchanted_book":17,"minecraft:golden_boots":1,"minecraft:iron_ingot":1,"minecraft:wheat_seeds":283,"minecraft:cobbled_deepslate_stairs":1,"minecraft:oak_fence":109,"minecraft:iron_helmet":7,"minecraft:cobblestone":192,"minecraft:book":37,"minecraft:granite":2,"minecraft:spruce_door":3,"minecraft:purple_dye":1,"minecraft:coal":27,"minecraft:lava_bucket":1,"minecraft:golden_carrot":463,"minecraft:diamond_helmet":1,"minecraft:oak_stairs":10,"minecraft:chainmail_leggings":2,"minecraft:string":105,"minecraft:spruce_sapling":234,"minecraft:soul_soil":1,"minecraft:netherite_ingot":1,"minecraft:stone_sword":1,"minecraft:bowl":6,"minecraft:diamond_hoe":1,"minecraft:stone_shovel":14,"minecraft:chicken":1,"minecraft:stone_slab":2,"minecraft:suspicious_stew":10,"minecraft:diamond_sword":2,"minecraft:potato":1,"minecraft:cobblestone_slab":12,"minecraft:spruce_planks":11,"minecraft:diamond_pickaxe":11,"minecraft:yellow_bed":2,"minecraft:andesite_stairs":1,"minecraft:spider_eye":11,"minecraft:sandstone":1,"minecraft:bow":3,"minecraft:stripped_spruce_wood":2,"minecraft:dark_prismarine":1,"minecraft:spruce_sign":12,"minecraft:soul_sand":20,"minecraft:diamond_axe":5,"minecraft:oak_log":8,"minecraft:baked_potato":28,"minecraft:large_amethyst_bud":4,"minecraft:ender_pearl":4,"minecraft:netherite_upgrade_smithing_template":1,"minecraft:flint":50,"minecraft:cobblestone_stairs":33,"minecraft:cracked_polished_blackstone_bricks":1,"minecraft:mutton":1,"minecraft:crimson_roots":3,"minecraft:pumpkin_pie":64,"minecraft:polished_blackstone_bricks":1,"minecraft:gravel":34,"minecraft:blackstone":6,"minecraft:smooth_sandstone_stairs":1,"minecraft:yellow_wool":18,"minecraft:diamond_shovel":2,"minecraft:cooked_mutton":2,"minecraft:stone_stairs":1,"minecraft:carrot":2,"minecraft:chainmail_chestplate":8,"minecraft:poppy":1,"minecraft:oak_fence_gate":6,"minecraft:leather_chestplate":1,"minecraft:gunpowder":8,"minecraft:azalea":2,"minecraft:basalt":2,"minecraft:arrow":863,"minecraft:quartz":874,"minecraft:splash_potion":3,"minecraft:netherrack":733,"minecraft:bread":3,"minecraft:oak_slab":36,"minecraft:golden_helmet":3,"minecraft:mossy_cobblestone":3,"minecraft:golden_axe":2,"more_bows_and_arrows:diamond_arrow":183,"minecraft:spruce_stairs":2,"minecraft:stick":294,"minecraft:torch":73,"minecraft:iron_leggings":2,"minecraft:green_carpet":2,"minecraft:iron_axe":11,"minecraft:tripwire_hook":16,"minecraft:bucket":2,"minecraft:dandelion":1,"minecraft:redstone":337,"minecraft:tuff":4,"minecraft:composter":5,"minecraft:raw_iron":24,"minecraft:copper_ore":1,"minecraft:shield":1,"minecraft:diamond_chestplate":1,"minecraft:andesite":16,"minecraft:oak_sapling":15,"minecraft:golden_leggings":1,"minecraft:slime_ball":1,"minecraft:diamond_boots":3,"minecraft:spruce_log":225,"minecraft:stone_pickaxe":1,"minecraft:wooden_pickaxe":2,"minecraft:medium_amethyst_bud":4,"minecraft:amethyst_cluster":2},"minecraft:used":{"minecraft:nether_brick_fence":1,"minecraft:poppy":3,"minecraft:ladder":6,"minecraft:chest":20,"minecraft:stone":494,"minecraft:soul_sand":1,"minecraft:deepslate_brick_slab":868,"minecraft:azure_bluet":3,"minecraft:lava_bucket":44,"minecraft:villager_spawn_egg":2,"minecraft:grass_block":3,"minecraft:quartz_block":92,"minecraft:furnace":10,"minecraft:oak_sapling":1,"minecraft:egg":1,"minecraft:emerald_ore":20,"minecraft:diorite":9,"minecraft:spruce_door":1,"minecraft:blackstone":12,"minecraft:wooden_pickaxe":11,"minecraft:composter":1,"minecraft:oak_leaves":13,"minecraft:respawn_anchor":1,"minecraft:sand":7,"minecraft:blast_furnace":7,"minecraft:deepslate_iron_ore":63,"more_bows_and_arrows:diamond_bow":340,"minecraft:lectern":18,"minecraft:soul_lantern":1,"minecraft:nether_wart_block":1,"minecraft:diamond_sword":239,"minecraft:smithing_table":3,"minecraft:compass":1,"minecraft:enchanting_table":2,"minecraft:stone_sword":49,"minecraft:stripped_warped_stem":1,"minecraft:netherrack":650,"minecraft:torch":547,"minecraft:brewing_stand":1,"minecraft:warped_wart_block":1,"minecraft:anvil":8,"minecraft:chipped_anvil":10,"minecraft:iron_axe":185,"minecraft:barrel":1,"minecraft:diamond_chestplate":2,"minecraft:basalt":5,"minecraft:glowstone":8,"minecraft:cobbled_deepslate":80,"minecraft:deepslate_emerald_ore":8,"minecraft:wheat_seeds":1,"minecraft:water_bucket":71,"minecraft:fletching_table":4,"minecraft:spruce_fence_gate":1,"minecraft:deepslate_bricks":1005,"minecraft:polished_blackstone_bricks":19,"minecraft:mossy_cobblestone":6,"minecraft:crafting_table":13,"minecraft:white_bed":2,"minecraft:spruce_log":32,"minecraft:oak_log":23,"minecraft:diamond_pickaxe":3746,"minecraft:cornflower":1,"minecraft:oxeye_daisy":2,"minecraft:diamond_shovel":976,"minecraft:suspicious_stew":2,"minecraft:iron_pickaxe":430,"minecraft:spruce_sapling":181,"minecraft:cobblestone":278,"minecraft:purple_bed":6,"minecraft:glass_pane":2,"minecraft:diamond_leggings":2,"minecraft:diamond_hoe":96,"minecraft:shield":22,"minecraft:iron_sword":17,"minecraft:zombie_spawn_egg":11,"minecraft:smooth_sandstone_stairs":1,"minecraft:iron_chestplate":1,"minecraft:tuff":11,"minecraft:milk_bucket":1,"minecraft:obsidian":23,"minecraft:coal_ore":197,"minecraft:lantern":51,"minecraft:iron_helmet":1,"minecraft:stone_bricks":1,"minecraft:item_frame":6,"minecraft:deepslate_diamond_ore":18,"minecraft:warped_fungus":1,"minecraft:zombie_horse_spawn_egg":1,"minecraft:diamond_boots":4,"minecraft:stone_pickaxe":106,"minecraft:oak_planks":167,"minecraft:ender_pearl":3,"minecraft:sandstone":5,"minecraft:diamond_axe":3115,"minecraft:white_wool":1,"minecraft:loom":1,"minecraft:deepslate_redstone_ore":46,"minecraft:crossbow":1,"minecraft:ochre_froglight":1,"minecraft:stone_brick_wall":1,"minecraft:black_bed":3,"minecraft:deepslate_lapis_ore":4,"minecraft:cobbled_deepslate_stairs":1,"minecraft:bread":2,"minecraft:string":6,"minecraft:deepslate":2,"minecraft:gravel":203,"minecraft:golden_helmet":9,"minecraft:grindstone":5,"minecraft:andesite":6,"minecraft:chain":4,"minecraft:smooth_stone_slab":28,"minecraft:bone_meal":57,"minecraft:experience_bottle":82,"minecraft:netherite_sword":2,"minecraft:flint_and_steel":491,"minecraft:redstone_ore":15,"minecraft:redstone":1,"minecraft:spruce_planks":36,"minecraft:ender_chest":1,"minecraft:deepslate_gold_ore":7,"minecraft:oak_door":4,"minecraft:dirt":261,"minecraft:diamond_helmet":11,"minecraft:granite":1,"minecraft:bookshelf":68,"minecraft:oak_stairs":73,"minecraft:golden_carrot":110,"minecraft:soul_soil":1,"minecraft:netherite_pickaxe":6244,"minecraft:iron_ore":213,"minecraft:cobblestone_stairs":10,"minecraft:lodestone":3,"minecraft:glass_bottle":12,"minecraft:baked_potato":36,"minecraft:andesite_slab":1,"minecraft:brown_mushroom":2,"minecraft:spruce_sign":2,"minecraft:stonecutter":4,"minecraft:cobblestone_slab":17,"minecraft:warped_roots":3,"more_bows_and_arrows:netherite_bow":1,"minecraft:painting":7,"minecraft:warped_planks":2,"minecraft:cracked_polished_blackstone_bricks":7,"minecraft:lapis_ore":7,"minecraft:white_banner":1,"minecraft:bucket":101,"minecraft:pumpkin_pie":8,"minecraft:splash_potion":47},"minecraft:crafted":{"minecraft:ender_chest":2,"minecraft:smooth_stone":3,"minecraft:purple_bed":1,"minecraft:blaze_powder":8,"minecraft:diamond_shovel":5,"minecraft:lever":1,"minecraft:bookshelf":77,"minecraft:glass":518,"minecraft:quartz_block":86,"minecraft:diamond_helmet":3,"minecraft:netherite_boots":1,"more_bows_and_arrows:diamond_bow":2,"minecraft:name_tag":6,"minecraft:glass_bottle":12,"minecraft:emerald":8182,"minecraft:diamond_axe":6,"minecraft:spruce_door":3,"minecraft:smithing_table":1,"minecraft:clock":21,"minecraft:fletching_table":1,"minecraft:campfire":21,"minecraft:painting":1,"minecraft:lectern":2,"minecraft:compass":8,"minecraft:iron_pickaxe":4,"minecraft:iron_block":84,"minecraft:gold_ingot":709,"minecraft:netherite_ingot":35,"more_bows_and_arrows:diamond_arrow":4,"minecraft:golden_carrot":1101,"minecraft:stone_shovel":7,"minecraft:pufferfish_bucket":1,"minecraft:bone_meal":6,"minecraft:brain_coral_block":29,"minecraft:lantern":143,"minecraft:netherite_axe":1,"minecraft:spruce_slab":12,"minecraft:diamond_boots":6,"minecraft:redstone_block":35,"minecraft:golden_helmet":2,"minecraft:chainmail_leggings":12,"minecraft:wheat":549,"minecraft:coal_block":71,"minecraft:netherite_pickaxe":1,"more_bows_and_arrows:iron_bow":2,"minecraft:enchanted_book":79,"minecraft:oak_planks":1104,"minecraft:cobblestone_slab":12,"more_bows_and_arrows:netherite_bow":1,"minecraft:stone":548,"minecraft:suspicious_stew":8,"minecraft:bow":2,"minecraft:chest":13,"minecraft:netherite_helmet":1,"minecraft:netherite_upgrade_smithing_template":46,"minecraft:ender_eye":2,"minecraft:respawn_anchor":1,"minecraft:crafting_table":9,"minecraft:spruce_planks":29292,"minecraft:wooden_pickaxe":1,"minecraft:baked_potato":59,"minecraft:iron_helmet":6,"minecraft:chainmail_chestplate":8,"minecraft:gold_block":53,"minecraft:apple":48,"minecraft:iron_chestplate":1,"minecraft:charcoal":32,"minecraft:diamond_pickaxe":16,"minecraft:emerald_block":697,"minecraft:purple_dye":2,"minecraft:shield":2,"minecraft:stick":59797,"minecraft:iron_ingot":905,"minecraft:polished_andesite":40,"minecraft:oak_door":3,"minecraft:mangrove_propagule":4,"minecraft:raw_iron":54,"minecraft:coal":252,"minecraft:tripwire_hook":16,"minecraft:netherite_sword":1,"minecraft:furnace":2,"minecraft:blast_furnace":1,"minecraft:cherry_sapling":4,"minecraft:flint_and_steel":1,"minecraft:netherite_chestplate":1,"minecraft:netherite_leggings":1,"minecraft:iron_axe":13,"minecraft:slime_ball":28,"minecraft:netherite_scrap":139,"minecraft:cooked_beef":15,"minecraft:red_dye":1,"minecraft:diamond_sword":2,"minecraft:iron_sword":1,"minecraft:bucket":4,"minecraft:stone_axe":3,"minecraft:air":0,"minecraft:blue_dye":1,"minecraft:netherite_shovel":1,"minecraft:pumpkin_pie":72,"minecraft:torch":320,"minecraft:lapis_block":15},"minecraft:picked_up":{"minecraft:suspicious_stew":7,"minecraft:anvil":3,"minecraft:stone_slab":2,"minecraft:smithing_table":2,"minecraft:lead":5,"minecraft:oak_stairs":13,"minecraft:enchanted_book":3,"minecraft:string":3686,"minecraft:soul_soil":3,"minecraft:beetroot":4,"minecraft:gold_nugget":34,"minecraft:cobbled_deepslate":260,"minecraft:spruce_planks":299,"minecraft:coal_block":1,"minecraft:golden_helmet":2,"minecraft:composter":9,"minecraft:golden_axe":2,"minecraft:warped_planks":6,"minecraft:stone_sword":1,"minecraft:glowstone":32,"minecraft:blaze_rod":4,"minecraft:iron_bars":1,"minecraft:feather":2,"minecraft:medium_amethyst_bud":4,"minecraft:flint":645,"minecraft:stripped_spruce_wood":2,"minecraft:lantern":10,"minecraft:chipped_anvil":10,"minecraft:large_amethyst_bud":4,"minecraft:diamond_helmet":1,"minecraft:glowstone_dust":30,"minecraft:warped_wart_block":1,"minecraft:ink_sac":1,"minecraft:deepslate":2,"minecraft:deepslate_gold_ore":7,"minecraft:granite":3,"minecraft:crimson_roots":4,"minecraft:diamond_pickaxe":8,"minecraft:crafting_table":4,"minecraft:nether_wart":24,"minecraft:leather_leggings":1,"minecraft:cornflower":2,"minecraft:netherite_scrap":1,"minecraft:stripped_warped_stem":1,"minecraft:deepslate_diamond_ore":18,"minecraft:beef":15,"minecraft:poppy":6,"minecraft:chest":5,"minecraft:diamond_hoe":1,"minecraft:egg":1,"minecraft:copper_ore":1,"minecraft:sandstone":6,"minecraft:stone":145,"minecraft:oak_door":14,"minecraft:amethyst_cluster":2,"minecraft:carrot":166,"minecraft:redstone":431,"minecraft:stone_shovel":14,"minecraft:diamond_chestplate":1,"minecraft:beetroot_seeds":13,"minecraft:diamond_boots":1,"minecraft:hay_block":61,"minecraft:gold_ingot":6,"minecraft:mutton":1,"minecraft:stripped_oak_log":4,"minecraft:bone_block":14,"minecraft:white_wool":20,"minecraft:emerald_ore":20,"minecraft:oxeye_daisy":7,"minecraft:lapis_ore":7,"minecraft:ochre_froglight":1,"minecraft:oak_log":311,"minecraft:ancient_debris":136,"minecraft:golden_boots":1,"minecraft:white_banner":1,"minecraft:apple":2,"minecraft:stone_bricks":1,"minecraft:stone_pickaxe":1,"minecraft:oak_fence_gate":6,"minecraft:iron_ore":213,"minecraft:sculk":64,"minecraft:gravel":237,"minecraft:small_amethyst_bud":4,"minecraft:spruce_sapling":449,"minecraft:spruce_log":7492,"minecraft:diamond_shovel":1,"minecraft:coal_ore":197,"minecraft:purple_bed":4,"minecraft:slime_ball":1,"minecraft:stone_axe":6,"minecraft:painting":6,"minecraft:diamond_axe":2,"minecraft:redstone_ore":15,"minecraft:deepslate_redstone_ore":46,"minecraft:warped_roots":3,"minecraft:lodestone":3,"minecraft:baked_potato":5,"minecraft:ender_pearl":14,"minecraft:wheat":197,"minecraft:nether_brick_fence":1,"minecraft:yellow_wool":18,"minecraft:deepslate_lapis_ore":4,"minecraft:iron_leggings":1,"minecraft:bucket":1,"minecraft:cobblestone_slab":13,"minecraft:azalea":1,"minecraft:iron_pickaxe":1,"minecraft:furnace":1,"minecraft:deepslate_iron_ore":63,"minecraft:stick":849,"minecraft:oak_fence":109,"minecraft:torch":89,"minecraft:spruce_stairs":2,"minecraft:diorite":9,"minecraft:quartz_block":6,"minecraft:cactus":21,"minecraft:rotten_flesh":63,"minecraft:obsidian":9,"minecraft:cobblestone":1267,"minecraft:leather_chestplate":1,"minecraft:andesite":22,"minecraft:black_bed":1,"minecraft:golden_leggings":1,"minecraft:potato":46,"minecraft:tuff":15,"minecraft:smooth_sandstone_stairs":2,"minecraft:dirt":517,"minecraft:lapis_lazuli":140,"minecraft:leather_boots":1,"minecraft:glass":3,"minecraft:bone":81,"minecraft:bow":4,"minecraft:wheat_seeds":284,"minecraft:deepslate_brick_slab":70,"minecraft:raw_gold":200,"minecraft:bell":1,"minecraft:grindstone":3,"minecraft:fletching_table":4,"minecraft:oak_planks":92,"minecraft:ghast_tear":1,"minecraft:oak_pressure_plate":2,"minecraft:sand":13,"minecraft:mossy_cobblestone":80,"minecraft:dark_prismarine":1,"minecraft:spruce_fence_gate":1,"minecraft:diamond":423,"minecraft:soul_lantern":1,"minecraft:cracked_polished_blackstone_bricks":8,"minecraft:crossbow":2,"minecraft:bone_meal":78,"minecraft:spruce_sign":14,"minecraft:emerald":400,"minecraft:oak_sapling":16,"minecraft:netherrack":1189,"minecraft:andesite_slab":1,"minecraft:charcoal":85,"minecraft:azure_bluet":7,"minecraft:chicken":1,"minecraft:ladder":7,"minecraft:brown_mushroom":2,"minecraft:wooden_pickaxe":1,"minecraft:stone_brick_wall":1,"minecraft:gold_block":9,"minecraft:stone_stairs":1,"minecraft:blackstone":18,"minecraft:andesite_stairs":1,"minecraft:lectern":17,"minecraft:sugar_cane":26,"minecraft:raw_iron":826,"minecraft:bowl":4,"minecraft:polished_blackstone_bricks":20,"minecraft:arrow":57,"minecraft:basalt":7,"minecraft:golden_carrot":95,"minecraft:leather":15,"minecraft:chainmail_chestplate":8,"minecraft:gunpowder":8,"minecraft:nether_wart_block":1,"minecraft:yellow_bed":2,"minecraft:cobbled_deepslate_stairs":3,"minecraft:cobblestone_stairs":42,"minecraft:cooked_mutton":2,"minecraft:deepslate_emerald_ore":8,"minecraft:iron_ingot":17,"minecraft:stripped_oak_wood":2,"minecraft:soul_sand":20,"minecraft:book":228,"minecraft:oak_slab":36,"minecraft:warped_fungus":1,"minecraft:quartz":1218,"minecraft:dandelion":2,"minecraft:raw_iron_block":6,"minecraft:blast_furnace":2,"minecraft:white_bed":10,"minecraft:spruce_door":1,"minecraft:green_carpet":2,"minecraft:spider_eye":12,"minecraft:sculk_sensor":2,"minecraft:chainmail_leggings":2,"minecraft:iron_helmet":7,"minecraft:coal":1113}},"DataVersion":3953}