{"stats":{"minecraft:used":{"minecraft:tuff_bricks":33,"minecraft:moss_block":1,"minecraft:nether_brick_fence":1,"minecraft:ladder":72,"minecraft:elytra":9,"minecraft:poppy":3,"minecraft:chest":21,"minecraft:stone":758,"minecraft:white_shulker_box":5,"minecraft:soul_sand":1,"minecraft:deepslate_brick_slab":868,"minecraft:azure_bluet":6,"minecraft:honeycomb":1,"minecraft:packed_ice":3,"minecraft:lava_bucket":103,"minecraft:netherite_shovel":10,"minecraft:villager_spawn_egg":3,"minecraft:grass_block":346,"minecraft:quartz_block":92,"minecraft:orange_shulker_box":2,"minecraft:netherite_hoe":3421,"minecraft:netherite_boots":10,"minecraft:furnace":10,"minecraft:ominous_bottle":1,"minecraft:oak_sapling":2,"minecraft:end_stone_brick_stairs":3,"minecraft:egg":3,"minecraft:emerald_ore":21,"minecraft:diorite":12,"minecraft:mossy_stone_bricks":1,"minecraft:spruce_door":1,"minecraft:chorus_fruit":6,"minecraft:blackstone":12,"minecraft:cactus":20,"minecraft:orange_tulip":1,"minecraft:wooden_pickaxe":11,"minecraft:composter":1,"minecraft:purpur_pillar":1,"minecraft:oak_leaves":13,"minecraft:golden_apple":5,"minecraft:respawn_anchor":1,"minecraft:purpur_stairs":2,"minecraft:sand":7,"minecraft:blast_furnace":7,"minecraft:netherite_helmet":6,"minecraft:deepslate_tiles":1,"minecraft:deepslate_iron_ore":63,"more_bows_and_arrows:diamond_bow":340,"minecraft:stone_button":4,"minecraft:lectern":18,"minecraft:lilac":2,"minecraft:soul_lantern":1,"minecraft:chiseled_tuff_bricks":3,"minecraft:coal_block":6,"minecraft:fire_charge":5,"minecraft:nether_wart_block":1,"minecraft:diamond_sword":239,"minecraft:smithing_table":4,"minecraft:white_stained_glass":31,"minecraft:ice":18,"minecraft:compass":1,"minecraft:trial_spawner":1,"minecraft:iron_bars":2,"minecraft:enchanting_table":2,"minecraft:stone_sword":49,"minecraft:stripped_warped_stem":1,"minecraft:trial_key":18,"minecraft:netherrack":675,"minecraft:torch":723,"minecraft:brewing_stand":1,"minecraft:warped_wart_block":1,"minecraft:anvil":13,"minecraft:chorus_flower":4,"minecraft:chipped_anvil":10,"minecraft:iron_axe":185,"minecraft:barrel":11,"minecraft:diamond_chestplate":2,"minecraft:basalt":5,"minecraft:glowstone":8,"minecraft:cherry_log":3,"minecraft:cobbled_deepslate":87,"minecraft:deepslate_emerald_ore":8,"minecraft:wheat_seeds":1,"minecraft:water_bucket":101,"minecraft:light_blue_shulker_box":1,"minecraft:yellow_shulker_box":4,"minecraft:cartography_table":1,"minecraft:waxed_oxidized_cut_copper":2,"minecraft:fletching_table":4,"minecraft:spruce_fence_gate":1,"minecraft:deepslate_bricks":1005,"minecraft:polished_blackstone_bricks":19,"minecraft:mossy_cobblestone":6,"minecraft:crafting_table":14,"minecraft:white_bed":2,"minecraft:lime_shulker_box":1,"minecraft:spruce_log":32,"minecraft:oak_log":23,"minecraft:mud":1,"minecraft:cornflower":1,"minecraft:ender_eye":22,"minecraft:diamond_pickaxe":3756,"minecraft:oxeye_daisy":2,"minecraft:ominous_trial_key":13,"minecraft:diamond_shovel":976,"minecraft:wind_charge":43,"minecraft:iron_pickaxe":430,"minecraft:suspicious_stew":2,"minecraft:spruce_sapling":181,"minecraft:copper_bulb":3,"minecraft:blue_carpet":1,"minecraft:cobblestone":349,"minecraft:potion":6,"minecraft:purple_bed":6,"minecraft:glass_pane":2,"minecraft:diamond_leggings":2,"minecraft:cherry_sapling":22,"minecraft:diamond_hoe":96,"minecraft:decorated_pot":38,"minecraft:shield":22,"minecraft:iron_sword":17,"minecraft:zombie_spawn_egg":11,"minecraft:smooth_sandstone_stairs":1,"minecraft:iron_chestplate":1,"minecraft:waxed_copper_grate":4,"minecraft:tuff":13,"minecraft:obsidian":23,"minecraft:milk_bucket":1,"minecraft:glass":48,"minecraft:waxed_oxidized_copper":93,"minecraft:coal_ore":197,"minecraft:lantern":107,"minecraft:iron_helmet":1,"minecraft:stone_bricks":105,"minecraft:item_frame":6,"minecraft:deepslate_diamond_ore":18,"minecraft:warped_fungus":1,"minecraft:blue_shulker_box":4,"minecraft:zombie_horse_spawn_egg":1,"minecraft:diamond_boots":4,"minecraft:stone_pickaxe":106,"minecraft:gray_carpet":1,"minecraft:oak_planks":167,"minecraft:mangrove_planks":4,"minecraft:ender_pearl":31,"minecraft:sandstone":5,"minecraft:diamond_axe":3127,"minecraft:white_wool":1,"minecraft:stone_brick_wall":1,"minecraft:netherite_leggings":8,"minecraft:loom":1,"minecraft:deepslate_redstone_ore":46,"minecraft:light_blue_wool":9,"minecraft:lingering_potion":1,"minecraft:crossbow":1,"minecraft:black_bed":3,"minecraft:note_block":2,"minecraft:skeleton_horse_spawn_egg":2,"minecraft:ochre_froglight":1,"minecraft:deepslate_lapis_ore":4,"minecraft:end_stone":166,"minecraft:shears":68,"minecraft:cobbled_deepslate_stairs":1,"minecraft:exposed_copper":1,"minecraft:polished_tuff":4,"minecraft:firework_rocket":44,"minecraft:bread":2,"minecraft:string":6,"minecraft:deepslate":28,"minecraft:gravel":203,"minecraft:iron_door":1,"minecraft:golden_helmet":9,"minecraft:grindstone":8,"minecraft:andesite":6,"minecraft:chain":4,"minecraft:smooth_stone_slab":28,"minecraft:bone_meal":71,"minecraft:tropical_fish_bucket":1,"minecraft:waxed_copper_bulb":2,"minecraft:experience_bottle":85,"minecraft:netherite_sword":588,"minecraft:purpur_block":1,"minecraft:white_tulip":1,"minecraft:flint_and_steel":491,"minecraft:redstone_ore":15,"minecraft:redstone":1,"minecraft:spruce_planks":36,"minecraft:ender_chest":13,"minecraft:deepslate_gold_ore":7,"minecraft:oak_door":4,"minecraft:dirt":270,"minecraft:spyglass":8,"minecraft:spruce_stairs":250,"minecraft:diamond_helmet":11,"minecraft:spruce_fence":5,"minecraft:granite":1,"minecraft:stone_brick_slab":1,"minecraft:bookshelf":68,"minecraft:red_tulip":1,"minecraft:oak_stairs":73,"minecraft:crimson_planks":2,"minecraft:waxed_cut_copper_slab":2,"minecraft:golden_carrot":234,"minecraft:exposed_copper_bulb":1,"minecraft:emerald_block":15,"minecraft:soul_soil":1,"minecraft:netherite_pickaxe":17905,"minecraft:turtle_egg":1,"minecraft:pumpkin":1,"minecraft:iron_ore":213,"minecraft:cobblestone_stairs":10,"minecraft:lodestone":3,"minecraft:glass_bottle":28,"minecraft:netherite_chestplate":11,"minecraft:baked_potato":36,"minecraft:brown_mushroom":2,"minecraft:andesite_slab":1,"minecraft:black_shulker_box":2,"minecraft:spruce_sign":2,"minecraft:stonecutter":6,"minecraft:cobblestone_slab":19,"minecraft:waxed_copper_block":6,"minecraft:warped_roots":3,"more_bows_and_arrows:netherite_bow":703,"minecraft:painting":124,"minecraft:warped_planks":2,"minecraft:flower_pot":1,"minecraft:cracked_polished_blackstone_bricks":7,"minecraft:lapis_ore":7,"minecraft:netherite_axe":222,"minecraft:pink_petals":1,"minecraft:green_shulker_box":1,"minecraft:white_banner":11,"minecraft:bucket":192,"minecraft:pink_shulker_box":27,"minecraft:pumpkin_pie":8,"minecraft:waxed_oxidized_copper_bulb":1,"minecraft:gray_wool":16,"minecraft:splash_potion":56},"minecraft:killed":{"minecraft:shulker":75,"minecraft:skeleton":40,"minecraft:chicken":3,"minecraft:skeleton_horse":2,"minecraft:magma_cube":35,"minecraft:iron_golem":2,"minecraft:ender_dragon":1,"minecraft:pillager":20,"minecraft:zombie":73,"minecraft:cow":7,"minecraft:evoker":4,"minecraft:vindicator":10,"minecraft:husk":4,"minecraft:wandering_trader":30,"minecraft:ravager":2,"minecraft:breeze":19,"minecraft:enderman":26,"minecraft:zombified_piglin":3,"minecraft:witch":7,"minecraft:spider":42,"minecraft:silverfish":6,"minecraft:piglin_brute":14,"minecraft:piglin":34,"minecraft:pig":1,"minecraft:zombie_villager":4,"minecraft:creeper":7,"minecraft:sheep":4,"minecraft:trader_llama":6,"minecraft:ghast":4,"minecraft:stray":70,"minecraft:blaze":1,"minecraft:vex":14,"minecraft:bogged":6,"minecraft:slime":173,"minecraft:phantom":1,"minecraft:drowned":2,"minecraft:bat":2,"minecraft:hoglin":13,"minecraft:villager":11},"minecraft:picked_up":{"minecraft:iron_chestplate":1,"minecraft:flower_pot":1,"minecraft:anvil":12,"minecraft:suspicious_stew":7,"minecraft:lead":15,"minecraft:smithing_table":2,"minecraft:stone_slab":2,"minecraft:diamond_sword":1,"minecraft:oak_stairs":13,"minecraft:enchanted_book":16,"minecraft:string":4116,"minecraft:soul_soil":3,"minecraft:beetroot":4,"minecraft:diamond_leggings":2,"minecraft:gold_nugget":36,"minecraft:cobbled_deepslate":278,"minecraft:spruce_planks":299,"minecraft:trial_key":12,"minecraft:enchanted_golden_apple":10,"minecraft:coal_block":1,"minecraft:mangrove_log":3,"minecraft:golden_helmet":2,"minecraft:composter":9,"minecraft:purpur_pillar":1,"minecraft:golden_axe":2,"minecraft:cherry_log":20,"minecraft:waxed_copper_grate":18,"minecraft:warped_planks":10,"minecraft:stone_sword":1,"minecraft:honey_bottle":6,"minecraft:light_blue_wool":51,"minecraft:carved_pumpkin":1,"minecraft:red_tulip":2,"minecraft:iron_block":2,"minecraft:glowstone":32,"minecraft:bookshelf":80,"minecraft:netherite_chestplate":1,"minecraft:blaze_rod":4,"minecraft:snowball":4,"minecraft:iron_bars":3,"minecraft:feather":7,"minecraft:cooked_beef":23,"minecraft:iron_door":1,"minecraft:medium_amethyst_bud":4,"minecraft:water_bucket":3,"minecraft:flint":647,"minecraft:stripped_spruce_wood":2,"minecraft:netherite_leggings":1,"minecraft:map":54,"minecraft:lantern":10,"minecraft:chipped_anvil":10,"minecraft:large_amethyst_bud":4,"minecraft:stonecutter":2,"minecraft:guster_banner_pattern":1,"minecraft:diamond_helmet":2,"minecraft:glowstone_dust":31,"minecraft:moss_block":1,"minecraft:honeycomb":1,"minecraft:warped_wart_block":1,"minecraft:ink_sac":1,"minecraft:deepslate":2,"minecraft:deepslate_gold_ore":7,"minecraft:granite":10,"minecraft:bread":8,"minecraft:ominous_trial_key":19,"minecraft:crimson_roots":4,"minecraft:diamond_pickaxe":11,"minecraft:mud":1,"minecraft:crafting_table":4,"minecraft:ominous_bottle":4,"minecraft:nether_wart":24,"minecraft:leather_leggings":3,"minecraft:music_disc_creator":1,"minecraft:purpur_block":1,"minecraft:wind_charge":173,"minecraft:cornflower":2,"minecraft:elytra":2,"minecraft:flow_banner_pattern":2,"minecraft:netherite_scrap":1,"minecraft:white_stained_glass":4,"minecraft:cracked_stone_bricks":3,"minecraft:netherite_sword":2,"minecraft:stripped_warped_stem":1,"minecraft:deepslate_diamond_ore":18,"minecraft:beef":15,"minecraft:chiseled_tuff":1,"minecraft:cyan_wool":25,"minecraft:poppy":6,"minecraft:chest":6,"minecraft:waxed_oxidized_copper":165,"minecraft:diamond_hoe":2,"minecraft:egg":3,"minecraft:copper_ore":1,"minecraft:lime_shulker_box":2,"minecraft:sandstone":6,"minecraft:stone":323,"minecraft:oak_door":14,"minecraft:copper_bulb":3,"minecraft:amethyst_cluster":2,"minecraft:fire_charge":6,"minecraft:mace":1,"minecraft:carrot":167,"minecraft:redstone":572,"minecraft:netherite_pickaxe":3,"minecraft:blue_carpet":3,"minecraft:stone_shovel":14,"minecraft:diamond_chestplate":5,"minecraft:decorated_pot":38,"minecraft:beetroot_seeds":13,"minecraft:shears":1,"minecraft:diamond_boots":2,"minecraft:hay_block":61,"minecraft:flow_armor_trim_smithing_template":4,"minecraft:gold_ingot":6,"minecraft:totem_of_undying":5,"minecraft:tuff_bricks":63,"minecraft:white_shulker_box":6,"minecraft:mutton":1,"minecraft:white_wool":22,"minecraft:bone_block":14,"minecraft:emerald_ore":21,"minecraft:oxeye_daisy":7,"minecraft:lapis_ore":7,"minecraft:stripped_oak_log":4,"minecraft:yellow_shulker_box":4,"minecraft:exposed_copper_bulb":1,"minecraft:ochre_froglight":1,"minecraft:filled_map":2,"minecraft:purpur_stairs":2,"minecraft:oak_log":329,"minecraft:ancient_debris":137,"minecraft:golden_boots":3,"minecraft:white_banner":13,"minecraft:apple":2,"minecraft:stone_bricks":5,"minecraft:oak_fence_gate":6,"minecraft:stone_pickaxe":1,"minecraft:iron_ore":213,"minecraft:glass_bottle":11,"minecraft:mangrove_planks":12,"minecraft:sculk":137,"minecraft:spyglass":1,"minecraft:gravel":241,"minecraft:small_amethyst_bud":4,"minecraft:spruce_sapling":449,"minecraft:spruce_log":7492,"minecraft:polished_tuff":7,"more_bows_and_arrows:netherite_bow":1,"minecraft:firework_rocket":234,"minecraft:diamond_shovel":2,"minecraft:coal_ore":197,"minecraft:purple_bed":4,"minecraft:slime_ball":600,"minecraft:stone_axe":6,"minecraft:redstone_ore":15,"minecraft:diamond_axe":5,"minecraft:deepslate_redstone_ore":46,"minecraft:painting":15,"minecraft:gray_wool":28,"minecraft:warped_roots":3,"minecraft:lodestone":4,"minecraft:baked_potato":41,"minecraft:ender_pearl":92,"minecraft:shulker_shell":51,"minecraft:wheat":197,"minecraft:exposed_copper":1,"minecraft:ender_chest":12,"minecraft:nether_brick_fence":1,"minecraft:yellow_wool":18,"minecraft:potion":18,"minecraft:stone_brick_stairs":1,"minecraft:crimson_planks":2,"minecraft:waxed_cut_copper_slab":2,"minecraft:raw_copper":13,"minecraft:deepslate_lapis_ore":4,"minecraft:iron_leggings":1,"minecraft:pink_shulker_box":33,"minecraft:deepslate_tiles":1,"minecraft:black_shulker_box":3,"minecraft:bucket":2,"minecraft:white_tulip":1,"minecraft:cobblestone_slab":13,"minecraft:ender_eye":9,"minecraft:azalea":1,"minecraft:iron_pickaxe":1,"minecraft:deepslate_iron_ore":63,"minecraft:furnace":1,"minecraft:blue_wool":39,"minecraft:tipped_arrow":298,"minecraft:oxidized_copper_trapdoor":1,"minecraft:stick":1180,"minecraft:orange_shulker_box":2,"minecraft:oak_fence":109,"minecraft:torch":98,"minecraft:spruce_stairs":2,"minecraft:snow_block":16,"minecraft:pointed_dripstone":128,"minecraft:diorite":13,"minecraft:quartz_block":6,"minecraft:cactus":21,"minecraft:rotten_flesh":161,"minecraft:chorus_flower":4,"minecraft:obsidian":20,"minecraft:blaze_powder":7,"minecraft:cobblestone":1445,"minecraft:pink_petals":1,"minecraft:leather_chestplate":1,"minecraft:lilac":2,"minecraft:andesite":22,"minecraft:black_bed":1,"minecraft:golden_leggings":1,"minecraft:potato":47,"minecraft:tuff":17,"minecraft:smooth_sandstone_stairs":2,"minecraft:green_shulker_box":1,"minecraft:lapis_lazuli":140,"minecraft:dirt":565,"minecraft:name_tag":51,"minecraft:leather_boots":1,"minecraft:glass":3,"minecraft:bone":585,"minecraft:bow":12,"minecraft:wheat_seeds":292,"minecraft:orange_tulip":1,"minecraft:deepslate_brick_slab":70,"minecraft:raw_gold":225,"minecraft:bell":1,"minecraft:grindstone":5,"minecraft:bolt_armor_trim_smithing_template":5,"minecraft:netherite_axe":1,"minecraft:mossy_stone_bricks":3,"minecraft:fletching_table":4,"minecraft:oak_planks":92,"minecraft:scrape_pottery_sherd":2,"minecraft:ghast_tear":1,"minecraft:cooked_porkchop":4,"minecraft:waxed_oxidized_copper_bulb":1,"minecraft:oak_pressure_plate":2,"minecraft:sand":13,"minecraft:light_blue_shulker_box":1,"minecraft:lily_of_the_valley":40,"minecraft:diamond_block":1,"minecraft:mossy_cobblestone":80,"minecraft:dark_prismarine":1,"minecraft:spruce_fence_gate":1,"minecraft:sugar":8,"minecraft:diamond":574,"minecraft:mangrove_wood":2,"minecraft:netherite_helmet":1,"minecraft:soul_lantern":1,"minecraft:waxed_oxidized_copper_grate":2,"minecraft:cracked_polished_blackstone_bricks":8,"minecraft:crossbow":5,"minecraft:breeze_rod":165,"minecraft:bone_meal":78,"minecraft:golden_apple":10,"minecraft:spruce_sign":14,"minecraft:emerald":904,"minecraft:oak_sapling":18,"minecraft:netherrack":1471,"minecraft:chorus_fruit":18,"minecraft:andesite_slab":1,"minecraft:lingering_potion":1,"minecraft:charcoal":85,"minecraft:waxed_oxidized_cut_copper":11,"minecraft:end_stone_brick_stairs":3,"minecraft:azure_bluet":19,"minecraft:chicken":2,"minecraft:ladder":135,"minecraft:brown_mushroom":3,"minecraft:packed_ice":10444,"minecraft:wooden_pickaxe":1,"minecraft:stone_brick_wall":9,"minecraft:gold_block":12,"minecraft:chain":1,"minecraft:brick":79,"minecraft:shield":4,"minecraft:stone_stairs":1,"minecraft:iron_axe":3,"minecraft:blackstone":18,"minecraft:andesite_stairs":1,"minecraft:lectern":17,"minecraft:blue_shulker_box":4,"minecraft:sugar_cane":26,"minecraft:raw_iron":860,"minecraft:end_stone":314,"minecraft:bowl":4,"minecraft:note_block":2,"minecraft:polished_blackstone_bricks":20,"minecraft:stone_button":4,"minecraft:trident":3,"minecraft:arrow":373,"minecraft:saddle":3,"minecraft:black_banner":8,"minecraft:basalt":7,"minecraft:golden_carrot":240,"minecraft:salmon":1,"minecraft:leather":19,"minecraft:ice":18,"minecraft:waxed_copper_bulb":2,"minecraft:chainmail_chestplate":8,"minecraft:waxed_copper_block":7,"minecraft:yellow_bed":2,"minecraft:nether_wart_block":1,"minecraft:cobbled_deepslate_stairs":3,"minecraft:gunpowder":9,"minecraft:cobblestone_stairs":42,"minecraft:cooked_mutton":14,"minecraft:gray_carpet":1,"minecraft:deepslate_emerald_ore":8,"minecraft:iron_ingot":147,"minecraft:cooked_chicken":5,"minecraft:stripped_oak_wood":2,"minecraft:soul_sand":20,"minecraft:book":228,"minecraft:scaffolding":7,"minecraft:oak_slab":36,"minecraft:warped_fungus":1,"minecraft:emerald_block":84,"minecraft:pumpkin":1,"minecraft:heavy_core":4,"minecraft:stone_brick_slab":1,"minecraft:quartz":1218,"minecraft:dandelion":2,"minecraft:raw_iron_block":6,"minecraft:dripstone_block":2,"minecraft:lava_bucket":1,"minecraft:amethyst_shard":1,"minecraft:blast_furnace":3,"minecraft:white_bed":10,"minecraft:green_carpet":2,"minecraft:spruce_door":1,"minecraft:spider_eye":28,"minecraft:pumpkin_seeds":4,"minecraft:sculk_sensor":2,"minecraft:chainmail_leggings":2,"minecraft:iron_helmet":7,"minecraft:cherry_sapling":22,"minecraft:netherite_hoe":2,"minecraft:coal":1115,"minecraft:chiseled_tuff_bricks":12},"minecraft:mined":{"minecraft:blue_carpet":2,"minecraft:stripped_warped_stem":1,"minecraft:white_bed":6,"minecraft:cherry_log":20,"minecraft:obsidian":20,"minecraft:carved_pumpkin":1,"minecraft:granite":13,"minecraft:stone_brick_wall":1,"minecraft:oak_pressure_plate":1,"minecraft:coal_block":1,"minecraft:blue_wool":39,"minecraft:chiseled_tuff_bricks":9,"minecraft:nether_wart":12,"flowerpatch:azure_bluet_patch":2,"minecraft:spawner":20,"minecraft:chorus_flower":1,"minecraft:polished_blackstone_bricks":16,"minecraft:magma_block":11,"minecraft:cobbled_deepslate":9,"minecraft:fire":25,"minecraft:waxed_oxidized_copper_bulb":1,"minecraft:pumpkin":1,"minecraft:deepslate_lapis_ore":12,"minecraft:fletching_table":4,"minecraft:dirt_path":76,"minecraft:small_amethyst_bud":4,"minecraft:oak_stairs":8,"minecraft:green_carpet":2,"minecraft:smooth_sandstone_stairs":2,"minecraft:white_shulker_box":5,"minecraft:iron_block":1,"easyanvils:minecraft/anvil":3,"minecraft:tripwire":2,"minecraft:crimson_nylium":22,"minecraft:soul_fire":4,"minecraft:amethyst_cluster":2,"minecraft:powder_snow":1,"minecraft:torch":22,"minecraft:note_block":2,"minecraft:blast_furnace":2,"minecraft:white_stained_glass_pane":1,"minecraft:glass":1,"minecraft:lime_shulker_box":2,"minecraft:sugar_cane":9,"minecraft:crimson_stairs":1,"minecraft:cyan_wool":25,"minecraft:waxed_copper_bulb":2,"minecraft:repeater":1,"minecraft:mud":1,"minecraft:light_gray_stained_glass":8,"minecraft:wheat":5,"minecraft:lilac":2,"minecraft:waxed_copper_block":5,"minecraft:black_bed":1,"minecraft:oak_fence_gate":3,"minecraft:mangrove_log":3,"minecraft:blue_shulker_box":3,"minecraft:stonecutter":2,"minecraft:deepslate":741,"minecraft:dark_prismarine":1,"minecraft:deepslate_tiles":2,"minecraft:pink_shulker_box":31,"minecraft:light_blue_wool":51,"minecraft:mossy_cobblestone":78,"minecraft:cherry_sapling":9,"minecraft:end_stone":299,"minecraft:orange_shulker_box":2,"minecraft:redstone_wire":3,"minecraft:redstone_ore":30,"minecraft:waxed_oxidized_cut_copper":4,"minecraft:waxed_copper_grate":8,"minecraft:andesite":27,"minecraft:big_dripleaf_stem":1,"minecraft:chiseled_tuff":1,"minecraft:cobblestone_slab":12,"minecraft:white_wool":9,"minecraft:ender_chest":11,"minecraft:smithing_table":2,"minecraft:oak_slab":18,"minecraft:glass_pane":9,"minecraft:soul_sand":21,"minecraft:lily_of_the_valley":40,"minecraft:stone_brick_slab":1,"minecraft:dandelion":1,"minecraft:smooth_sandstone":6,"minecraft:mangrove_wood":2,"minecraft:short_grass":120,"minecraft:emerald_ore":49,"minecraft:copper_ore":2,"minecraft:purpur_pillar":1,"minecraft:tall_grass":105,"minecraft:deepslate_gold_ore":97,"minecraft:diorite":16,"minecraft:warped_wart_block":1,"minecraft:purple_bed":4,"minecraft:stripped_spruce_wood":3,"minecraft:spruce_log":2614,"minecraft:dark_prismarine_slab":1,"minecraft:gravel":549,"minecraft:cobweb":11,"minecraft:spruce_fence_gate":1,"minecraft:stone_bricks":1,"minecraft:deepslate_emerald_ore":22,"minecraft:fern":2,"minecraft:black_shulker_box":3,"minecraft:waxed_cut_copper_slab":2,"minecraft:large_amethyst_bud":4,"minecraft:spruce_planks":16,"minecraft:farmland":153,"minecraft:cobbled_deepslate_stairs":3,"minecraft:andesite_stairs":1,"minecraft:sculk_vein":181,"minecraft:cobblestone_stairs":38,"minecraft:grass_block":223,"minecraft:cracked_polished_blackstone_bricks":7,"minecraft:purple_stained_glass_pane":2,"minecraft:soul_soil":1,"minecraft:composter":6,"minecraft:tuff_bricks":55,"minecraft:raw_iron_block":4,"minecraft:glowstone":41,"minecraft:sculk_catalyst":23,"minecraft:iron_ore":437,"minecraft:polished_tuff":2,"minecraft:anvil":8,"minecraft:azure_bluet":12,"minecraft:red_tulip":1,"minecraft:iron_bars":1,"minecraft:spruce_slab":1,"minecraft:deepslate_redstone_ore":117,"minecraft:copper_bulb":3,"minecraft:exposed_copper_bulb":1,"minecraft:quartz_block":6,"minecraft:blackstone":79,"minecraft:exposed_copper":1,"minecraft:medium_amethyst_bud":4,"minecraft:purpur_stairs":1,"visualworkbench:minecraft/crafting_table":3,"minecraft:calcite":1,"minecraft:poppy":3,"minecraft:chest":20,"minecraft:nether_quartz_ore":904,"minecraft:cobblestone":808,"minecraft:grindstone":5,"minecraft:oak_planks":80,"minecraft:wall_torch":12,"minecraft:seagrass":5,"minecraft:stone_stairs":1,"minecraft:nether_wart_block":1,"minecraft:warped_planks":10,"minecraft:yellow_wool":9,"minecraft:stripped_oak_wood":2,"minecraft:orange_tulip":1,"minecraft:purpur_block":1,"minecraft:yellow_stained_glass_pane":1,"minecraft:oak_log":328,"minecraft:waxed_oxidized_copper":170,"minecraft:dirt":59,"minecraft:sand":13,"minecraft:crimson_planks":4,"minecraft:netherrack":5121,"minecraft:ancient_debris":116,"minecraft:oak_leaves":14,"minecraft:emerald_block":15,"minecraft:nether_gold_ore":13,"minecraft:tuff":169,"minecraft:oak_door":11,"minecraft:deepslate_diamond_ore":253,"minecraft:glow_lichen":10,"minecraft:ladder":6,"minecraft:stone_button":3,"minecraft:decorated_pot":47,"minecraft:white_stained_glass":4,"minecraft:spruce_leaves":85,"minecraft:crimson_stem":1,"minecraft:large_fern":2,"minecraft:hay_block":1,"minecraft:deepslate_brick_slab":61,"minecraft:spruce_sapling":4,"minecraft:furnace":1,"minecraft:gold_block":8,"minecraft:bell":1,"minecraft:nether_brick_fence":2,"minecraft:bookshelf":36,"minecraft:deepslate_iron_ore":152,"minecraft:lantern":5,"minecraft:stripped_oak_log":4,"minecraft:packed_ice":10420,"minecraft:chorus_plant":3,"minecraft:white_tulip":1,"minecraft:stone":685,"minecraft:yellow_shulker_box":4,"minecraft:podzol":18,"minecraft:scaffolding":2,"minecraft:light_blue_shulker_box":1,"minecraft:magenta_stained_glass":2,"minecraft:basalt":2,"minecraft:spruce_door":1,"minecraft:oak_fence":59,"minecraft:sculk_sensor":129,"minecraft:lectern":16,"easyanvils:minecraft/chipped_anvil":10,"minecraft:lapis_ore":14,"minecraft:sculk":3146,"minecraft:spruce_stairs":2,"minecraft:gray_wool":21,"minecraft:green_shulker_box":1,"minecraft:end_stone_brick_stairs":2,"minecraft:waxed_oxidized_copper_grate":3,"minecraft:black_wall_banner":8,"minecraft:ice":37,"minecraft:white_wall_banner":4,"minecraft:yellow_bed":1,"minecraft:coal_ore":657,"minecraft:ochre_froglight":1,"minecraft:cherry_leaves":13,"minecraft:flower_pot":1,"minecraft:lodestone":3,"minecraft:mossy_stone_bricks":2,"minecraft:warped_slab":1},"minecraft:crafted":{"minecraft:ender_chest":2,"minecraft:smooth_stone":161,"minecraft:purple_bed":1,"minecraft:blaze_powder":28,"minecraft:lever":1,"minecraft:diamond_shovel":5,"minecraft:bookshelf":77,"minecraft:iron_bars":16,"minecraft:mace":1,"minecraft:quartz_block":86,"minecraft:glass":518,"minecraft:diamond_helmet":3,"minecraft:repeater":12,"minecraft:netherite_boots":2,"more_bows_and_arrows:diamond_bow":3,"minecraft:name_tag":54,"minecraft:glass_bottle":27,"minecraft:emerald":10642,"minecraft:diamond_axe":6,"minecraft:spruce_door":3,"minecraft:smithing_table":2,"minecraft:clock":21,"minecraft:fletching_table":1,"minecraft:campfire":21,"minecraft:painting":1,"minecraft:bolt_armor_trim_smithing_template":2,"minecraft:lectern":2,"minecraft:compass":8,"minecraft:iron_pickaxe":4,"minecraft:iron_block":140,"minecraft:gold_ingot":1121,"minecraft:netherite_ingot":35,"more_bows_and_arrows:diamond_arrow":4,"minecraft:golden_carrot":1251,"minecraft:stone_shovel":7,"minecraft:smooth_stone_slab":50,"minecraft:pointed_dripstone":128,"minecraft:red_banner":4,"minecraft:pufferfish_bucket":1,"minecraft:bone_meal":6,"minecraft:spruce_fence":3,"minecraft:stone_stairs":6,"minecraft:brain_coral_block":29,"minecraft:lantern":143,"minecraft:netherite_axe":1,"minecraft:diamond":53,"minecraft:ladder":135,"minecraft:spruce_slab":12,"minecraft:diamond_boots":6,"minecraft:redstone_block":49,"minecraft:golden_helmet":2,"minecraft:chainmail_leggings":12,"minecraft:wheat":549,"minecraft:coal_block":71,"minecraft:netherite_pickaxe":1,"minecraft:enchanted_book":84,"minecraft:white_stained_glass":128,"minecraft:glowstone":32,"more_bows_and_arrows:iron_bow":3,"minecraft:golden_apple":68,"minecraft:music_disc_5":1,"minecraft:oak_planks":1176,"minecraft:cobblestone_slab":12,"more_bows_and_arrows:netherite_bow":1,"minecraft:cherry_boat":1,"minecraft:stone":548,"minecraft:suspicious_stew":8,"minecraft:green_dye":1,"minecraft:bow":3,"minecraft:chest":17,"minecraft:netherite_helmet":3,"minecraft:flow_armor_trim_smithing_template":2,"minecraft:netherite_upgrade_smithing_template":64,"minecraft:ender_eye":15,"minecraft:respawn_anchor":1,"minecraft:map":43,"minecraft:crafting_table":10,"minecraft:spruce_planks":29292,"minecraft:iron_helmet":6,"minecraft:wooden_pickaxe":1,"minecraft:baked_potato":59,"minecraft:chainmail_chestplate":8,"minecraft:gold_block":72,"minecraft:apple":92,"minecraft:iron_chestplate":1,"minecraft:purple_dye":2,"minecraft:paper":3,"minecraft:diamond_pickaxe":16,"minecraft:charcoal":32,"minecraft:emerald_block":1001,"minecraft:shield":2,"minecraft:stick":59865,"minecraft:iron_ingot":991,"minecraft:green_shulker_box":1,"minecraft:redstone_torch":24,"minecraft:shears":1,"minecraft:polished_andesite":40,"minecraft:cherry_planks":68,"minecraft:oak_door":6,"minecraft:coal":252,"minecraft:mangrove_propagule":4,"minecraft:redstone":81,"minecraft:raw_iron":54,"minecraft:stone_brick_wall":138,"minecraft:tripwire_hook":16,"minecraft:netherite_sword":1,"minecraft:furnace":2,"minecraft:stone_button":1,"minecraft:blast_furnace":1,"minecraft:cherry_sapling":4,"minecraft:glass_pane":160,"minecraft:diamond_block":24,"minecraft:oak_trapdoor":2,"minecraft:flint_and_steel":1,"minecraft:netherite_chestplate":3,"minecraft:netherite_leggings":2,"minecraft:iron_axe":13,"minecraft:slime_ball":28,"minecraft:netherite_scrap":140,"minecraft:cooked_beef":15,"minecraft:red_dye":1,"minecraft:diamond_sword":2,"minecraft:iron_sword":1,"minecraft:mangrove_planks":20,"minecraft:bucket":4,"minecraft:stone_axe":3,"minecraft:air":0,"minecraft:blue_dye":1,"minecraft:white_dye":23,"minecraft:netherite_shovel":1,"minecraft:pumpkin_pie":72,"minecraft:torch":320,"minecraft:lapis_block":15},"minecraft:dropped":{"minecraft:iron_sword":1,"minecraft:ominous_bottle":4,"minecraft:oak_pressure_plate":2,"minecraft:cooked_beef":35,"minecraft:chorus_fruit":12,"minecraft:glass_bottle":15,"minecraft:diamond":13,"minecraft:crafting_table":2,"minecraft:cooked_porkchop":4,"minecraft:crossbow":4,"minecraft:fletching_table":2,"minecraft:cracked_stone_bricks":3,"minecraft:elytra":2,"minecraft:dragon_breath":1,"minecraft:emerald":589,"minecraft:gold_block":2,"minecraft:dirt":51,"more_bows_and_arrows:diamond_bow":1,"minecraft:scrape_pottery_sherd":2,"minecraft:netherite_boots":1,"minecraft:gold_nugget":35,"minecraft:bone_meal":27,"minecraft:bolt_armor_trim_smithing_template":9,"minecraft:sugar":8,"minecraft:iron_pickaxe":3,"minecraft:white_wool":20,"minecraft:small_amethyst_bud":4,"minecraft:bone":546,"minecraft:oak_door":16,"minecraft:stone_axe":6,"minecraft:compass":1,"minecraft:emerald_block":128,"minecraft:lever":1,"minecraft:cooked_chicken":3,"minecraft:cobbled_deepslate":66,"minecraft:netherite_sword":2,"minecraft:wheat":96,"minecraft:blue_wool":39,"minecraft:deepslate_brick_slab":10,"minecraft:rotten_flesh":137,"minecraft:grindstone":1,"minecraft:oak_planks":5,"minecraft:glowstone_dust":1,"minecraft:end_stone":206,"minecraft:blaze_powder":7,"minecraft:white_bed":7,"minecraft:salmon":1,"minecraft:warped_planks":3,"minecraft:wind_charge":88,"minecraft:tipped_arrow":280,"minecraft:charcoal":21,"minecraft:ladder":141,"minecraft:leather_leggings":2,"minecraft:breeze_rod":1,"minecraft:spruce_slab":4,"minecraft:chiseled_tuff":1,"minecraft:glass":156,"minecraft:stone_brick_stairs":1,"minecraft:lectern":1,"minecraft:iron_ingot":1,"minecraft:enchanted_book":27,"minecraft:golden_boots":3,"minecraft:netherite_pickaxe":6,"minecraft:wheat_seeds":291,"minecraft:cobbled_deepslate_stairs":1,"minecraft:dripstone_block":2,"minecraft:netherite_chestplate":2,"minecraft:netherite_helmet":2,"minecraft:oak_fence":109,"minecraft:iron_helmet":7,"minecraft:feather":5,"minecraft:cobblestone":296,"minecraft:book":37,"minecraft:waxed_copper_grate":12,"minecraft:apple":2,"minecraft:granite":39,"minecraft:spruce_door":3,"minecraft:purple_dye":2,"minecraft:disc_fragment_5":7,"minecraft:coal":29,"minecraft:turtle_egg":13,"minecraft:lava_bucket":2,"minecraft:gray_wool":12,"minecraft:golden_carrot":718,"minecraft:ink_sac":1,"minecraft:cherry_planks":1,"minecraft:diamond_helmet":2,"minecraft:potion":4,"minecraft:oak_stairs":10,"minecraft:white_banner":2,"minecraft:chainmail_leggings":2,"minecraft:paper":4,"minecraft:string":415,"minecraft:blue_carpet":2,"minecraft:snow_block":16,"minecraft:spruce_sapling":234,"minecraft:furnace":2,"minecraft:soul_soil":1,"minecraft:netherite_hoe":2,"minecraft:netherite_ingot":1,"minecraft:stone_sword":1,"minecraft:smooth_stone_slab":1,"minecraft:bowl":6,"minecraft:green_bed":3,"minecraft:diamond_hoe":1,"minecraft:stone_shovel":14,"minecraft:red_banner":4,"minecraft:chicken":2,"minecraft:stone_slab":2,"minecraft:name_tag":6,"minecraft:shears":4,"minecraft:pumpkin_seeds":4,"minecraft:suspicious_stew":10,"minecraft:diamond_sword":3,"minecraft:potato":46,"minecraft:cobblestone_slab":12,"minecraft:hay_block":29,"minecraft:cyan_wool":25,"minecraft:stone":13,"minecraft:spruce_planks":11,"minecraft:diamond_pickaxe":14,"minecraft:yellow_bed":2,"minecraft:andesite_stairs":1,"minecraft:redstone_torch":1,"minecraft:spider_eye":25,"minecraft:stone_bricks":5,"minecraft:sandstone":1,"minecraft:bow":11,"minecraft:stripped_spruce_wood":2,"minecraft:dark_prismarine":1,"minecraft:spruce_sign":12,"minecraft:soul_sand":20,"minecraft:diamond_axe":8,"minecraft:oak_log":8,"minecraft:large_amethyst_bud":4,"minecraft:baked_potato":52,"more_bows_and_arrows:netherite_bow":1,"minecraft:ender_pearl":52,"minecraft:netherite_upgrade_smithing_template":1,"minecraft:mangrove_planks":20,"minecraft:birch_slab":64,"minecraft:heavy_core":1,"minecraft:flint":58,"minecraft:cobblestone_stairs":33,"minecraft:cracked_polished_blackstone_bricks":1,"minecraft:mace":2,"minecraft:packed_ice":74,"minecraft:mutton":1,"minecraft:crimson_roots":3,"minecraft:snowball":4,"minecraft:pumpkin_pie":64,"minecraft:amethyst_shard":1,"minecraft:polished_blackstone_bricks":1,"minecraft:gravel":67,"minecraft:blackstone":6,"minecraft:spyglass":1,"minecraft:chiseled_tuff_bricks":5,"minecraft:smooth_sandstone_stairs":1,"minecraft:yellow_wool":18,"minecraft:cherry_sapling":1,"minecraft:beetroot":4,"minecraft:diamond_shovel":3,"minecraft:stone_stairs":3,"minecraft:cooked_mutton":14,"minecraft:honey_bottle":6,"minecraft:carrot":37,"minecraft:chainmail_chestplate":8,"minecraft:poppy":1,"minecraft:oak_fence_gate":6,"minecraft:leather_chestplate":1,"minecraft:trident":2,"minecraft:gunpowder":9,"minecraft:beetroot_seeds":13,"minecraft:stone_brick_wall":16,"minecraft:azalea":2,"minecraft:chest":1,"minecraft:basalt":2,"minecraft:arrow":1184,"minecraft:scaffolding":7,"minecraft:quartz":874,"minecraft:splash_potion":3,"minecraft:netherrack":964,"minecraft:firework_rocket":362,"minecraft:water_bucket":4,"minecraft:bread":44,"minecraft:oak_slab":36,"minecraft:golden_helmet":3,"minecraft:mossy_cobblestone":11,"minecraft:bookshelf":80,"minecraft:diamond_leggings":2,"minecraft:netherite_axe":1,"more_bows_and_arrows:diamond_arrow":184,"minecraft:golden_axe":2,"minecraft:lead":1,"minecraft:polished_tuff":1,"minecraft:ominous_trial_key":4,"minecraft:spruce_stairs":2,"minecraft:spruce_fence_gate":1,"minecraft:stick":294,"minecraft:diorite":1,"minecraft:torch":73,"minecraft:light_blue_wool":43,"minecraft:map":102,"minecraft:waxed_oxidized_copper":56,"minecraft:fire_charge":6,"minecraft:iron_leggings":2,"minecraft:green_carpet":2,"minecraft:iron_axe":14,"minecraft:tripwire_hook":20,"minecraft:bucket":2,"minecraft:dandelion":1,"minecraft:redstone":421,"minecraft:tuff_bricks":1,"minecraft:ender_chest":1,"minecraft:raw_copper":13,"minecraft:tuff":4,"minecraft:raw_iron":24,"minecraft:composter":7,"minecraft:smoker":1,"minecraft:netherite_leggings":2,"minecraft:flint_and_steel":1,"minecraft:copper_ore":1,"minecraft:filled_map":2,"minecraft:shield":6,"minecraft:trial_key":11,"minecraft:diamond_chestplate":4,"minecraft:iron_chestplate":1,"minecraft:andesite":16,"minecraft:mossy_stone_bricks":2,"minecraft:golden_leggings":1,"minecraft:oak_sapling":16,"minecraft:waxed_oxidized_cut_copper":6,"minecraft:spruce_log":225,"minecraft:diamond_boots":5,"minecraft:slime_ball":415,"minecraft:stone_pickaxe":1,"minecraft:wooden_pickaxe":2,"minecraft:medium_amethyst_bud":4,"minecraft:waxed_oxidized_copper_grate":2,"minecraft:amethyst_cluster":2,"minecraft:brick":43},"minecraft:custom":{"minecraft:interact_with_crafting_table":170,"minecraft:open_barrel":87,"minecraft:leave_game":13,"minecraft:time_since_death":501088,"minecraft:damage_blocked_by_shield":1200,"minecraft:play_time":2675364,"minecraft:deaths":2,"minecraft:jump":29220,"minecraft:enchant_item":29,"minecraft:interact_with_furnace":153,"minecraft:traded_with_villager":9409,"minecraft:interact_with_cartography_table":2,"minecraft:sleep_in_bed":62,"minecraft:damage_dealt":73079,"minecraft:interact_with_smoker":5,"minecraft:interact_with_smithing_table":33,"minecraft:inspect_dispenser":25,"minecraft:horse_one_cm":2777,"minecraft:interact_with_anvil":231,"minecraft:inspect_hopper":6,"minecraft:sneak_time":89166,"minecraft:interact_with_blast_furnace":225,"minecraft:total_world_time":2675364,"minecraft:tune_noteblock":1,"minecraft:interact_with_stonecutter":17,"minecraft:time_since_rest":14777,"minecraft:swim_one_cm":221094,"minecraft:fly_one_cm":5897989,"minecraft:open_chest":1599,"minecraft:fall_one_cm":667744,"minecraft:open_shulker_box":84,"minecraft:sprint_one_cm":3146192,"minecraft:drop":1111,"minecraft:play_noteblock":2,"minecraft:talked_to_villager":765,"minecraft:interact_with_brewingstand":86,"minecraft:walk_on_water_one_cm":112337,"minecraft:interact_with_loom":1,"minecraft:open_enderchest":82,"minecraft:crouch_one_cm":287278,"minecraft:mob_kills":834,"minecraft:interact_with_campfire":8,"minecraft:climb_one_cm":41854,"minecraft:walk_one_cm":5407730,"minecraft:raid_win":1,"minecraft:walk_under_water_one_cm":60106,"minecraft:boat_one_cm":201521,"minecraft:pot_flower":1,"minecraft:interact_with_grindstone":20,"minecraft:damage_taken":13343,"minecraft:damage_absorbed":149,"minecraft:aviate_one_cm":1194070}},"DataVersion":3953}