{"stats":{"minecraft:crafted":{"minecraft:ender_chest":2,"minecraft:smooth_stone":3,"minecraft:purple_bed":1,"minecraft:blaze_powder":8,"minecraft:diamond_shovel":5,"minecraft:lever":1,"minecraft:bookshelf":77,"minecraft:mace":1,"minecraft:quartz_block":86,"minecraft:glass":518,"minecraft:diamond_helmet":3,"minecraft:netherite_boots":2,"more_bows_and_arrows:diamond_bow":2,"minecraft:name_tag":54,"minecraft:glass_bottle":27,"minecraft:emerald":10441,"minecraft:diamond_axe":6,"minecraft:spruce_door":3,"minecraft:smithing_table":2,"minecraft:clock":21,"minecraft:fletching_table":1,"minecraft:campfire":21,"minecraft:painting":1,"minecraft:bolt_armor_trim_smithing_template":2,"minecraft:lectern":2,"minecraft:compass":8,"minecraft:iron_pickaxe":4,"minecraft:iron_block":97,"minecraft:gold_ingot":898,"minecraft:netherite_ingot":35,"more_bows_and_arrows:diamond_arrow":4,"minecraft:golden_carrot":1251,"minecraft:stone_shovel":7,"minecraft:pointed_dripstone":128,"minecraft:red_banner":4,"minecraft:pufferfish_bucket":1,"minecraft:bone_meal":6,"minecraft:spruce_fence":3,"minecraft:brain_coral_block":29,"minecraft:lantern":143,"minecraft:netherite_axe":1,"minecraft:spruce_slab":12,"minecraft:diamond_boots":6,"minecraft:redstone_block":35,"minecraft:golden_helmet":2,"minecraft:chainmail_leggings":12,"minecraft:wheat":549,"minecraft:coal_block":71,"minecraft:netherite_pickaxe":1,"minecraft:glowstone":32,"more_bows_and_arrows:iron_bow":2,"minecraft:enchanted_book":81,"minecraft:golden_apple":42,"minecraft:oak_planks":1104,"minecraft:cobblestone_slab":12,"more_bows_and_arrows:netherite_bow":1,"minecraft:stone":548,"minecraft:suspicious_stew":8,"minecraft:bow":2,"minecraft:chest":13,"minecraft:netherite_helmet":2,"minecraft:flow_armor_trim_smithing_template":2,"minecraft:netherite_upgrade_smithing_template":64,"minecraft:ender_eye":2,"minecraft:respawn_anchor":1,"minecraft:map":43,"minecraft:crafting_table":10,"minecraft:spruce_planks":29292,"minecraft:iron_helmet":6,"minecraft:wooden_pickaxe":1,"minecraft:baked_potato":59,"minecraft:chainmail_chestplate":8,"minecraft:gold_block":53,"minecraft:apple":92,"minecraft:iron_chestplate":1,"minecraft:paper":3,"minecraft:diamond_pickaxe":16,"minecraft:charcoal":32,"minecraft:emerald_block":979,"minecraft:purple_dye":2,"minecraft:shield":2,"minecraft:stick":59797,"minecraft:iron_ingot":932,"minecraft:polished_andesite":40,"minecraft:oak_door":3,"minecraft:mangrove_propagule":4,"minecraft:raw_iron":54,"minecraft:coal":252,"minecraft:tripwire_hook":16,"minecraft:netherite_sword":1,"minecraft:blast_furnace":1,"minecraft:stone_button":1,"minecraft:furnace":2,"minecraft:cherry_sapling":4,"minecraft:glass_pane":160,"minecraft:flint_and_steel":1,"minecraft:netherite_chestplate":2,"minecraft:netherite_leggings":2,"minecraft:iron_axe":13,"minecraft:slime_ball":28,"minecraft:netherite_scrap":139,"minecraft:cooked_beef":15,"minecraft:red_dye":1,"minecraft:diamond_sword":2,"minecraft:iron_sword":1,"minecraft:mangrove_planks":20,"minecraft:bucket":4,"minecraft:stone_axe":3,"minecraft:air":0,"minecraft:blue_dye":1,"minecraft:netherite_shovel":1,"minecraft:pumpkin_pie":72,"minecraft:torch":320,"minecraft:lapis_block":15},"minecraft:used":{"minecraft:moss_block":1,"minecraft:tuff_bricks":33,"minecraft:nether_brick_fence":1,"minecraft:ladder":6,"minecraft:poppy":3,"minecraft:chest":20,"minecraft:stone":494,"minecraft:soul_sand":1,"minecraft:deepslate_brick_slab":868,"minecraft:azure_bluet":4,"minecraft:honeycomb":1,"minecraft:lava_bucket":93,"minecraft:villager_spawn_egg":3,"minecraft:grass_block":317,"minecraft:quartz_block":92,"minecraft:netherite_hoe":3123,"minecraft:netherite_boots":2,"minecraft:oak_sapling":1,"minecraft:ominous_bottle":1,"minecraft:furnace":10,"minecraft:egg":2,"minecraft:emerald_ore":20,"minecraft:diorite":9,"minecraft:spruce_door":1,"minecraft:blackstone":12,"minecraft:wooden_pickaxe":11,"minecraft:composter":1,"minecraft:oak_leaves":13,"minecraft:golden_apple":2,"minecraft:respawn_anchor":1,"minecraft:sand":7,"minecraft:blast_furnace":7,"minecraft:netherite_helmet":2,"minecraft:deepslate_tiles":1,"minecraft:deepslate_iron_ore":63,"more_bows_and_arrows:diamond_bow":340,"minecraft:stone_button":4,"minecraft:lectern":18,"minecraft:soul_lantern":1,"minecraft:chiseled_tuff_bricks":3,"minecraft:diamond_sword":239,"minecraft:nether_wart_block":1,"minecraft:fire_charge":5,"minecraft:smithing_table":4,"minecraft:compass":1,"minecraft:enchanting_table":2,"minecraft:stone_sword":49,"minecraft:stripped_warped_stem":1,"minecraft:trial_key":18,"minecraft:netherrack":650,"minecraft:torch":629,"minecraft:brewing_stand":1,"minecraft:warped_wart_block":1,"minecraft:anvil":8,"minecraft:chipped_anvil":10,"minecraft:iron_axe":185,"minecraft:barrel":1,"minecraft:diamond_chestplate":2,"minecraft:basalt":5,"minecraft:glowstone":8,"minecraft:cobbled_deepslate":85,"minecraft:deepslate_emerald_ore":8,"minecraft:wheat_seeds":1,"minecraft:water_bucket":83,"minecraft:cartography_table":1,"minecraft:waxed_oxidized_cut_copper":2,"minecraft:fletching_table":4,"minecraft:spruce_fence_gate":1,"minecraft:deepslate_bricks":1005,"minecraft:polished_blackstone_bricks":19,"minecraft:mossy_cobblestone":6,"minecraft:crafting_table":14,"minecraft:white_bed":2,"minecraft:spruce_log":32,"minecraft:oak_log":23,"minecraft:mud":1,"minecraft:diamond_pickaxe":3753,"minecraft:cornflower":1,"minecraft:oxeye_daisy":2,"minecraft:ominous_trial_key":13,"minecraft:diamond_shovel":976,"minecraft:wind_charge":43,"minecraft:iron_pickaxe":430,"minecraft:suspicious_stew":2,"minecraft:spruce_sapling":181,"minecraft:copper_bulb":3,"minecraft:blue_carpet":1,"minecraft:cobblestone":285,"minecraft:potion":6,"minecraft:purple_bed":6,"minecraft:glass_pane":2,"minecraft:diamond_leggings":2,"minecraft:diamond_hoe":96,"minecraft:decorated_pot":38,"minecraft:shield":22,"minecraft:iron_sword":17,"minecraft:zombie_spawn_egg":11,"minecraft:smooth_sandstone_stairs":1,"minecraft:iron_chestplate":1,"minecraft:waxed_copper_grate":4,"minecraft:tuff":12,"minecraft:obsidian":23,"minecraft:milk_bucket":1,"minecraft:glass":48,"minecraft:waxed_oxidized_copper":93,"minecraft:coal_ore":197,"minecraft:lantern":52,"minecraft:iron_helmet":1,"minecraft:stone_bricks":104,"minecraft:item_frame":6,"minecraft:deepslate_diamond_ore":18,"minecraft:warped_fungus":1,"minecraft:zombie_horse_spawn_egg":1,"minecraft:diamond_boots":4,"minecraft:gray_carpet":1,"minecraft:stone_pickaxe":106,"minecraft:oak_planks":167,"minecraft:mangrove_planks":4,"minecraft:ender_pearl":5,"minecraft:sandstone":5,"minecraft:diamond_axe":3127,"minecraft:white_wool":1,"minecraft:netherite_leggings":1,"minecraft:loom":1,"minecraft:light_blue_wool":9,"minecraft:deepslate_redstone_ore":46,"minecraft:crossbow":1,"minecraft:note_block":2,"minecraft:stone_brick_wall":1,"minecraft:lingering_potion":1,"minecraft:black_bed":3,"minecraft:ochre_froglight":1,"minecraft:shears":67,"minecraft:deepslate_lapis_ore":4,"minecraft:cobbled_deepslate_stairs":1,"minecraft:exposed_copper":1,"minecraft:polished_tuff":4,"minecraft:string":6,"minecraft:bread":2,"minecraft:deepslate":2,"minecraft:gravel":203,"minecraft:golden_helmet":9,"minecraft:grindstone":8,"minecraft:andesite":6,"minecraft:chain":4,"minecraft:smooth_stone_slab":28,"minecraft:waxed_copper_bulb":2,"minecraft:bone_meal":57,"minecraft:experience_bottle":82,"minecraft:netherite_sword":286,"minecraft:flint_and_steel":491,"minecraft:redstone_ore":15,"minecraft:redstone":1,"minecraft:spruce_planks":36,"minecraft:ender_chest":7,"minecraft:deepslate_gold_ore":7,"minecraft:oak_door":4,"minecraft:dirt":270,"minecraft:spyglass":1,"minecraft:diamond_helmet":11,"minecraft:granite":1,"minecraft:spruce_fence":3,"minecraft:bookshelf":68,"minecraft:oak_stairs":73,"minecraft:golden_carrot":180,"minecraft:exposed_copper_bulb":1,"minecraft:waxed_cut_copper_slab":2,"minecraft:soul_soil":1,"minecraft:netherite_pickaxe":6583,"minecraft:iron_ore":213,"minecraft:cobblestone_stairs":10,"minecraft:lodestone":3,"minecraft:glass_bottle":27,"minecraft:netherite_chestplate":1,"minecraft:baked_potato":36,"minecraft:andesite_slab":1,"minecraft:brown_mushroom":2,"minecraft:spruce_sign":2,"minecraft:stonecutter":6,"minecraft:cobblestone_slab":19,"minecraft:waxed_copper_block":6,"minecraft:warped_roots":3,"more_bows_and_arrows:netherite_bow":494,"minecraft:painting":46,"minecraft:warped_planks":2,"minecraft:flower_pot":1,"minecraft:cracked_polished_blackstone_bricks":7,"minecraft:netherite_axe":146,"minecraft:lapis_ore":7,"minecraft:pink_petals":1,"minecraft:white_banner":11,"minecraft:bucket":163,"minecraft:pumpkin_pie":8,"minecraft:waxed_oxidized_copper_bulb":1,"minecraft:gray_wool":16,"minecraft:splash_potion":56},"minecraft:mined":{"minecraft:blue_carpet":2,"minecraft:stripped_warped_stem":1,"minecraft:white_bed":6,"minecraft:obsidian":9,"minecraft:granite":11,"minecraft:stone_brick_wall":1,"minecraft:oak_pressure_plate":1,"minecraft:coal_block":1,"minecraft:blue_wool":39,"minecraft:chiseled_tuff_bricks":9,"minecraft:nether_wart":12,"minecraft:spawner":13,"minecraft:polished_blackstone_bricks":16,"minecraft:magma_block":11,"minecraft:cobbled_deepslate":9,"minecraft:fire":25,"minecraft:waxed_oxidized_copper_bulb":1,"minecraft:fletching_table":4,"minecraft:deepslate_lapis_ore":12,"minecraft:dirt_path":76,"minecraft:oak_stairs":8,"minecraft:small_amethyst_bud":4,"minecraft:green_carpet":2,"minecraft:smooth_sandstone_stairs":2,"minecraft:iron_block":1,"easyanvils:minecraft/anvil":2,"minecraft:tripwire":2,"minecraft:crimson_nylium":22,"minecraft:soul_fire":4,"minecraft:amethyst_cluster":2,"minecraft:note_block":2,"minecraft:torch":21,"minecraft:blast_furnace":2,"minecraft:white_stained_glass_pane":1,"minecraft:glass":1,"minecraft:sugar_cane":9,"minecraft:cyan_wool":25,"minecraft:waxed_copper_bulb":2,"minecraft:repeater":1,"minecraft:mud":1,"minecraft:light_gray_stained_glass":8,"minecraft:wheat":5,"minecraft:waxed_copper_block":5,"minecraft:black_bed":1,"minecraft:oak_fence_gate":3,"minecraft:mangrove_log":3,"minecraft:stonecutter":2,"minecraft:deepslate":739,"minecraft:deepslate_tiles":2,"minecraft:dark_prismarine":1,"minecraft:light_blue_wool":51,"minecraft:mossy_cobblestone":78,"minecraft:redstone_wire":3,"minecraft:redstone_ore":30,"minecraft:waxed_oxidized_cut_copper":4,"minecraft:waxed_copper_grate":8,"minecraft:andesite":10,"minecraft:big_dripleaf_stem":1,"minecraft:chiseled_tuff":1,"minecraft:cobblestone_slab":12,"minecraft:white_wool":9,"minecraft:ender_chest":5,"minecraft:smithing_table":2,"minecraft:oak_slab":18,"minecraft:glass_pane":9,"minecraft:soul_sand":21,"minecraft:dandelion":1,"minecraft:smooth_sandstone":6,"minecraft:mangrove_wood":2,"minecraft:short_grass":98,"minecraft:emerald_ore":47,"minecraft:copper_ore":1,"minecraft:tall_grass":105,"minecraft:deepslate_gold_ore":91,"minecraft:diorite":9,"minecraft:warped_wart_block":1,"minecraft:purple_bed":4,"minecraft:stripped_spruce_wood":3,"minecraft:spruce_log":2614,"minecraft:dark_prismarine_slab":1,"minecraft:gravel":549,"minecraft:cobweb":11,"minecraft:spruce_fence_gate":1,"minecraft:stone_bricks":1,"minecraft:deepslate_emerald_ore":22,"minecraft:fern":2,"minecraft:waxed_cut_copper_slab":2,"minecraft:large_amethyst_bud":4,"minecraft:spruce_planks":16,"minecraft:farmland":153,"minecraft:cobbled_deepslate_stairs":3,"minecraft:andesite_stairs":1,"minecraft:cobblestone_stairs":38,"minecraft:sculk_vein":152,"minecraft:grass_block":211,"minecraft:cracked_polished_blackstone_bricks":7,"minecraft:soul_soil":1,"minecraft:composter":6,"minecraft:tuff_bricks":55,"minecraft:raw_iron_block":4,"minecraft:sculk_catalyst":23,"minecraft:glowstone":41,"minecraft:iron_ore":437,"minecraft:polished_tuff":2,"minecraft:anvil":1,"minecraft:azure_bluet":11,"minecraft:iron_bars":1,"minecraft:spruce_slab":1,"minecraft:deepslate_redstone_ore":117,"minecraft:copper_bulb":3,"minecraft:exposed_copper_bulb":1,"minecraft:quartz_block":6,"minecraft:exposed_copper":1,"minecraft:blackstone":79,"minecraft:medium_amethyst_bud":4,"visualworkbench:minecraft/crafting_table":3,"minecraft:calcite":1,"minecraft:poppy":3,"minecraft:chest":20,"minecraft:nether_quartz_ore":904,"minecraft:cobblestone":808,"minecraft:grindstone":5,"minecraft:oak_planks":80,"minecraft:wall_torch":12,"minecraft:seagrass":5,"minecraft:stone_stairs":1,"minecraft:warped_planks":6,"minecraft:nether_wart_block":1,"minecraft:yellow_wool":9,"minecraft:stripped_oak_wood":2,"minecraft:yellow_stained_glass_pane":1,"minecraft:oak_log":310,"minecraft:waxed_oxidized_copper":170,"minecraft:sand":13,"minecraft:dirt":57,"minecraft:netherrack":5104,"minecraft:ancient_debris":115,"minecraft:oak_leaves":12,"minecraft:nether_gold_ore":13,"minecraft:tuff":168,"minecraft:deepslate_diamond_ore":253,"minecraft:oak_door":11,"minecraft:glow_lichen":10,"minecraft:ladder":6,"minecraft:stone_button":3,"minecraft:decorated_pot":47,"minecraft:spruce_leaves":85,"minecraft:large_fern":2,"minecraft:hay_block":1,"minecraft:deepslate_brick_slab":61,"minecraft:spruce_sapling":4,"minecraft:furnace":1,"minecraft:gold_block":5,"minecraft:bell":1,"minecraft:nether_brick_fence":2,"minecraft:bookshelf":36,"minecraft:deepslate_iron_ore":152,"minecraft:lantern":5,"minecraft:stripped_oak_log":4,"minecraft:packed_ice":3,"minecraft:stone":304,"minecraft:podzol":18,"minecraft:scaffolding":2,"minecraft:basalt":2,"minecraft:spruce_door":1,"minecraft:oak_fence":59,"minecraft:sculk_sensor":127,"minecraft:lectern":16,"easyanvils:minecraft/chipped_anvil":10,"minecraft:lapis_ore":14,"minecraft:sculk":2879,"minecraft:spruce_stairs":2,"minecraft:gray_wool":21,"minecraft:waxed_oxidized_copper_grate":3,"minecraft:white_wall_banner":4,"minecraft:yellow_bed":1,"minecraft:coal_ore":654,"minecraft:ochre_froglight":1,"minecraft:flower_pot":1,"minecraft:lodestone":3},"minecraft:picked_up":{"minecraft:iron_chestplate":1,"minecraft:flower_pot":1,"minecraft:anvil":3,"minecraft:suspicious_stew":7,"minecraft:lead":8,"minecraft:smithing_table":2,"minecraft:stone_slab":2,"minecraft:diamond_sword":1,"minecraft:oak_stairs":13,"minecraft:enchanted_book":10,"minecraft:string":4116,"minecraft:soul_soil":3,"minecraft:beetroot":4,"minecraft:diamond_leggings":2,"minecraft:gold_nugget":34,"minecraft:cobbled_deepslate":276,"minecraft:spruce_planks":299,"minecraft:trial_key":12,"minecraft:enchanted_golden_apple":10,"minecraft:coal_block":1,"minecraft:mangrove_log":3,"minecraft:golden_helmet":2,"minecraft:composter":9,"minecraft:golden_axe":2,"minecraft:waxed_copper_grate":18,"minecraft:warped_planks":6,"minecraft:stone_sword":1,"minecraft:honey_bottle":6,"minecraft:light_blue_wool":51,"minecraft:iron_block":2,"minecraft:glowstone":32,"minecraft:bookshelf":80,"minecraft:blaze_rod":4,"minecraft:iron_bars":1,"minecraft:feather":7,"minecraft:cooked_beef":23,"minecraft:medium_amethyst_bud":4,"minecraft:water_bucket":2,"minecraft:flint":646,"minecraft:stripped_spruce_wood":2,"minecraft:map":54,"minecraft:lantern":10,"minecraft:chipped_anvil":10,"minecraft:large_amethyst_bud":4,"minecraft:stonecutter":2,"minecraft:guster_banner_pattern":1,"minecraft:diamond_helmet":2,"minecraft:glowstone_dust":31,"minecraft:moss_block":1,"minecraft:honeycomb":1,"minecraft:warped_wart_block":1,"minecraft:ink_sac":1,"minecraft:deepslate":2,"minecraft:deepslate_gold_ore":7,"minecraft:granite":10,"minecraft:bread":8,"minecraft:ominous_trial_key":19,"minecraft:crimson_roots":4,"minecraft:diamond_pickaxe":10,"minecraft:mud":1,"minecraft:crafting_table":4,"minecraft:ominous_bottle":4,"minecraft:nether_wart":24,"minecraft:leather_leggings":3,"minecraft:music_disc_creator":1,"minecraft:wind_charge":173,"minecraft:cornflower":2,"minecraft:flow_banner_pattern":2,"minecraft:netherite_scrap":1,"minecraft:netherite_sword":2,"minecraft:stripped_warped_stem":1,"minecraft:deepslate_diamond_ore":18,"minecraft:beef":15,"minecraft:chiseled_tuff":1,"minecraft:cyan_wool":25,"minecraft:poppy":6,"minecraft:chest":6,"minecraft:waxed_oxidized_copper":165,"minecraft:diamond_hoe":1,"minecraft:egg":2,"minecraft:copper_ore":1,"minecraft:sandstone":6,"minecraft:stone":146,"minecraft:oak_door":14,"minecraft:copper_bulb":3,"minecraft:amethyst_cluster":2,"minecraft:fire_charge":6,"minecraft:carrot":167,"minecraft:redstone":566,"minecraft:netherite_pickaxe":1,"minecraft:blue_carpet":3,"minecraft:stone_shovel":14,"minecraft:diamond_chestplate":4,"minecraft:decorated_pot":38,"minecraft:beetroot_seeds":13,"minecraft:diamond_boots":2,"minecraft:hay_block":61,"minecraft:flow_armor_trim_smithing_template":4,"minecraft:gold_ingot":6,"minecraft:totem_of_undying":5,"minecraft:tuff_bricks":63,"minecraft:mutton":1,"minecraft:white_wool":22,"minecraft:bone_block":14,"minecraft:emerald_ore":20,"minecraft:oxeye_daisy":7,"minecraft:lapis_ore":7,"minecraft:stripped_oak_log":4,"minecraft:ochre_froglight":1,"minecraft:exposed_copper_bulb":1,"minecraft:filled_map":2,"minecraft:oak_log":311,"minecraft:ancient_debris":136,"minecraft:golden_boots":3,"minecraft:white_banner":13,"minecraft:apple":2,"minecraft:stone_bricks":1,"minecraft:oak_fence_gate":6,"minecraft:stone_pickaxe":1,"minecraft:iron_ore":213,"minecraft:glass_bottle":10,"minecraft:mangrove_planks":12,"minecraft:sculk":64,"minecraft:gravel":238,"minecraft:small_amethyst_bud":4,"minecraft:spruce_sapling":449,"minecraft:spruce_log":7492,"minecraft:polished_tuff":7,"minecraft:diamond_shovel":2,"minecraft:coal_ore":197,"minecraft:purple_bed":4,"minecraft:slime_ball":600,"minecraft:stone_axe":6,"minecraft:redstone_ore":15,"minecraft:diamond_axe":5,"minecraft:deepslate_redstone_ore":46,"minecraft:painting":15,"minecraft:gray_wool":28,"minecraft:warped_roots":3,"minecraft:lodestone":3,"minecraft:baked_potato":41,"minecraft:ender_pearl":18,"minecraft:wheat":197,"minecraft:exposed_copper":1,"minecraft:ender_chest":5,"minecraft:nether_brick_fence":1,"minecraft:yellow_wool":18,"minecraft:potion":18,"minecraft:waxed_cut_copper_slab":2,"minecraft:raw_copper":13,"minecraft:deepslate_lapis_ore":4,"minecraft:iron_leggings":1,"minecraft:deepslate_tiles":1,"minecraft:bucket":2,"minecraft:cobblestone_slab":13,"minecraft:azalea":1,"minecraft:iron_pickaxe":1,"minecraft:deepslate_iron_ore":63,"minecraft:furnace":1,"minecraft:blue_wool":39,"minecraft:tipped_arrow":297,"minecraft:oxidized_copper_trapdoor":1,"minecraft:stick":849,"minecraft:oak_fence":109,"minecraft:torch":94,"minecraft:spruce_stairs":2,"minecraft:diorite":9,"minecraft:quartz_block":6,"minecraft:cactus":21,"minecraft:rotten_flesh":146,"minecraft:obsidian":9,"minecraft:cobblestone":1379,"minecraft:pink_petals":1,"minecraft:leather_chestplate":1,"minecraft:andesite":22,"minecraft:black_bed":1,"minecraft:golden_leggings":1,"minecraft:potato":47,"minecraft:tuff":16,"minecraft:smooth_sandstone_stairs":2,"minecraft:lapis_lazuli":140,"minecraft:dirt":539,"minecraft:name_tag":2,"minecraft:leather_boots":1,"minecraft:glass":3,"minecraft:bone":578,"minecraft:bow":12,"minecraft:wheat_seeds":287,"minecraft:deepslate_brick_slab":70,"minecraft:raw_gold":211,"minecraft:bell":1,"minecraft:grindstone":5,"minecraft:bolt_armor_trim_smithing_template":5,"minecraft:fletching_table":4,"minecraft:scrape_pottery_sherd":2,"minecraft:oak_planks":92,"minecraft:ghast_tear":1,"minecraft:cooked_porkchop":4,"minecraft:waxed_oxidized_copper_bulb":1,"minecraft:oak_pressure_plate":2,"minecraft:sand":13,"minecraft:mossy_cobblestone":80,"minecraft:dark_prismarine":1,"minecraft:spruce_fence_gate":1,"minecraft:sugar":8,"minecraft:diamond":541,"minecraft:mangrove_wood":2,"minecraft:soul_lantern":1,"minecraft:waxed_oxidized_copper_grate":2,"minecraft:cracked_polished_blackstone_bricks":8,"minecraft:crossbow":5,"minecraft:breeze_rod":165,"minecraft:bone_meal":78,"minecraft:golden_apple":10,"minecraft:spruce_sign":14,"minecraft:emerald":904,"minecraft:oak_sapling":16,"minecraft:netherrack":1189,"minecraft:andesite_slab":1,"minecraft:lingering_potion":1,"minecraft:charcoal":85,"minecraft:waxed_oxidized_cut_copper":11,"minecraft:azure_bluet":12,"minecraft:chicken":2,"minecraft:ladder":7,"minecraft:brown_mushroom":2,"minecraft:wooden_pickaxe":1,"minecraft:stone_brick_wall":1,"minecraft:gold_block":9,"minecraft:brick":79,"minecraft:shield":4,"minecraft:stone_stairs":1,"minecraft:iron_axe":3,"minecraft:blackstone":18,"minecraft:andesite_stairs":1,"minecraft:lectern":17,"minecraft:sugar_cane":26,"minecraft:raw_iron":833,"minecraft:bowl":4,"minecraft:note_block":2,"minecraft:polished_blackstone_bricks":20,"minecraft:stone_button":3,"minecraft:arrow":368,"minecraft:saddle":3,"minecraft:basalt":7,"minecraft:golden_carrot":150,"minecraft:salmon":1,"minecraft:leather":15,"minecraft:waxed_copper_bulb":2,"minecraft:chainmail_chestplate":8,"minecraft:waxed_copper_block":7,"minecraft:yellow_bed":2,"minecraft:nether_wart_block":1,"minecraft:cobbled_deepslate_stairs":3,"minecraft:gunpowder":8,"minecraft:cobblestone_stairs":42,"minecraft:cooked_mutton":14,"minecraft:gray_carpet":1,"minecraft:deepslate_emerald_ore":8,"minecraft:iron_ingot":147,"minecraft:cooked_chicken":5,"minecraft:stripped_oak_wood":2,"minecraft:soul_sand":20,"minecraft:book":228,"minecraft:scaffolding":7,"minecraft:oak_slab":36,"minecraft:warped_fungus":1,"minecraft:emerald_block":69,"minecraft:heavy_core":4,"minecraft:quartz":1218,"minecraft:dandelion":2,"minecraft:dripstone_block":2,"minecraft:raw_iron_block":6,"minecraft:amethyst_shard":1,"minecraft:blast_furnace":2,"minecraft:white_bed":10,"minecraft:green_carpet":2,"minecraft:spruce_door":1,"minecraft:spider_eye":26,"minecraft:sculk_sensor":2,"minecraft:chainmail_leggings":2,"minecraft:iron_helmet":7,"minecraft:netherite_hoe":2,"minecraft:coal":1113,"minecraft:chiseled_tuff_bricks":12},"minecraft:dropped":{"minecraft:iron_sword":1,"minecraft:ominous_bottle":4,"minecraft:oak_pressure_plate":2,"minecraft:cooked_beef":35,"minecraft:glass_bottle":15,"minecraft:diamond":13,"minecraft:crafting_table":2,"minecraft:cooked_porkchop":4,"minecraft:crossbow":4,"minecraft:fletching_table":2,"minecraft:emerald":589,"minecraft:gold_block":2,"minecraft:dirt":35,"more_bows_and_arrows:diamond_bow":1,"minecraft:scrape_pottery_sherd":2,"minecraft:gold_nugget":34,"minecraft:bone_meal":27,"minecraft:bolt_armor_trim_smithing_template":5,"minecraft:iron_pickaxe":3,"minecraft:sugar":8,"minecraft:white_wool":20,"minecraft:small_amethyst_bud":4,"minecraft:bone":544,"minecraft:oak_door":16,"minecraft:stone_axe":6,"minecraft:compass":1,"minecraft:emerald_block":128,"minecraft:lever":1,"minecraft:cooked_chicken":3,"minecraft:cobbled_deepslate":66,"minecraft:netherite_sword":2,"minecraft:wheat":96,"minecraft:blue_wool":39,"minecraft:deepslate_brick_slab":10,"minecraft:rotten_flesh":122,"minecraft:grindstone":1,"minecraft:oak_planks":5,"minecraft:glowstone_dust":1,"minecraft:white_bed":7,"minecraft:salmon":1,"minecraft:warped_planks":3,"minecraft:wind_charge":88,"minecraft:tipped_arrow":279,"minecraft:charcoal":21,"minecraft:ladder":6,"minecraft:leather_leggings":2,"minecraft:breeze_rod":1,"minecraft:spruce_slab":4,"minecraft:chiseled_tuff":1,"minecraft:glass":156,"minecraft:lectern":1,"minecraft:iron_ingot":1,"minecraft:enchanted_book":24,"minecraft:golden_boots":3,"minecraft:netherite_pickaxe":1,"minecraft:wheat_seeds":286,"minecraft:cobbled_deepslate_stairs":1,"minecraft:dripstone_block":2,"minecraft:oak_fence":109,"minecraft:iron_helmet":7,"minecraft:feather":5,"minecraft:cobblestone":294,"minecraft:book":37,"minecraft:waxed_copper_grate":12,"minecraft:apple":2,"minecraft:granite":39,"minecraft:spruce_door":3,"minecraft:purple_dye":2,"minecraft:coal":27,"minecraft:lava_bucket":1,"minecraft:gray_wool":12,"minecraft:golden_carrot":564,"minecraft:ink_sac":1,"minecraft:diamond_helmet":2,"minecraft:potion":4,"minecraft:oak_stairs":10,"minecraft:white_banner":2,"minecraft:chainmail_leggings":2,"minecraft:paper":4,"minecraft:string":407,"minecraft:blue_carpet":2,"minecraft:spruce_sapling":234,"minecraft:furnace":2,"minecraft:soul_soil":1,"minecraft:netherite_hoe":1,"minecraft:netherite_ingot":1,"minecraft:stone_sword":1,"minecraft:bowl":6,"minecraft:green_bed":3,"minecraft:diamond_hoe":1,"minecraft:stone_shovel":14,"minecraft:red_banner":4,"minecraft:chicken":2,"minecraft:stone_slab":2,"minecraft:name_tag":6,"minecraft:shears":3,"minecraft:suspicious_stew":10,"minecraft:diamond_sword":3,"minecraft:cyan_wool":25,"minecraft:potato":46,"minecraft:cobblestone_slab":12,"minecraft:hay_block":29,"minecraft:spruce_planks":11,"minecraft:diamond_pickaxe":13,"minecraft:yellow_bed":2,"minecraft:andesite_stairs":1,"minecraft:redstone_torch":1,"minecraft:spider_eye":23,"minecraft:sandstone":1,"minecraft:bow":11,"minecraft:stripped_spruce_wood":2,"minecraft:dark_prismarine":1,"minecraft:spruce_sign":12,"minecraft:soul_sand":20,"minecraft:diamond_axe":8,"minecraft:oak_log":8,"minecraft:large_amethyst_bud":4,"minecraft:baked_potato":52,"minecraft:ender_pearl":4,"minecraft:netherite_upgrade_smithing_template":1,"minecraft:mangrove_planks":20,"minecraft:heavy_core":1,"minecraft:flint":57,"minecraft:cobblestone_stairs":33,"minecraft:cracked_polished_blackstone_bricks":1,"minecraft:mutton":1,"minecraft:crimson_roots":3,"minecraft:pumpkin_pie":64,"minecraft:amethyst_shard":1,"minecraft:polished_blackstone_bricks":1,"minecraft:gravel":64,"minecraft:blackstone":6,"minecraft:chiseled_tuff_bricks":5,"minecraft:smooth_sandstone_stairs":1,"minecraft:yellow_wool":18,"minecraft:beetroot":4,"minecraft:diamond_shovel":3,"minecraft:stone_stairs":1,"minecraft:cooked_mutton":14,"minecraft:honey_bottle":6,"minecraft:carrot":37,"minecraft:chainmail_chestplate":8,"minecraft:poppy":1,"minecraft:oak_fence_gate":6,"minecraft:leather_chestplate":1,"minecraft:gunpowder":8,"minecraft:beetroot_seeds":13,"minecraft:chest":1,"minecraft:azalea":2,"minecraft:arrow":1179,"minecraft:basalt":2,"minecraft:scaffolding":7,"minecraft:quartz":874,"minecraft:splash_potion":3,"minecraft:netherrack":733,"minecraft:bread":44,"minecraft:water_bucket":3,"minecraft:oak_slab":36,"minecraft:golden_helmet":3,"minecraft:mossy_cobblestone":11,"minecraft:bookshelf":80,"minecraft:diamond_leggings":2,"more_bows_and_arrows:diamond_arrow":183,"minecraft:golden_axe":2,"minecraft:lead":1,"minecraft:polished_tuff":1,"minecraft:ominous_trial_key":4,"minecraft:spruce_stairs":2,"minecraft:stick":294,"minecraft:spruce_fence_gate":1,"minecraft:torch":73,"minecraft:light_blue_wool":43,"minecraft:map":102,"minecraft:waxed_oxidized_copper":56,"minecraft:fire_charge":6,"minecraft:iron_leggings":2,"minecraft:green_carpet":2,"minecraft:iron_axe":14,"minecraft:tripwire_hook":20,"minecraft:bucket":2,"minecraft:dandelion":1,"minecraft:redstone":415,"minecraft:tuff_bricks":1,"minecraft:raw_copper":13,"minecraft:tuff":4,"minecraft:raw_iron":24,"minecraft:composter":7,"minecraft:smoker":1,"minecraft:flint_and_steel":1,"minecraft:copper_ore":1,"minecraft:filled_map":2,"minecraft:shield":6,"minecraft:trial_key":11,"minecraft:diamond_chestplate":3,"minecraft:iron_chestplate":1,"minecraft:andesite":16,"minecraft:oak_sapling":15,"minecraft:golden_leggings":1,"minecraft:waxed_oxidized_cut_copper":6,"minecraft:spruce_log":225,"minecraft:diamond_boots":5,"minecraft:slime_ball":415,"minecraft:stone_pickaxe":1,"minecraft:wooden_pickaxe":2,"minecraft:medium_amethyst_bud":4,"minecraft:waxed_oxidized_copper_grate":2,"minecraft:amethyst_cluster":2,"minecraft:brick":43},"minecraft:custom":{"minecraft:interact_with_crafting_table":135,"minecraft:open_barrel":76,"minecraft:leave_game":9,"minecraft:time_since_death":2097540,"minecraft:damage_blocked_by_shield":1200,"minecraft:play_time":2097540,"minecraft:jump":23905,"minecraft:enchant_item":29,"minecraft:interact_with_furnace":118,"minecraft:traded_with_villager":9285,"minecraft:interact_with_cartography_table":2,"minecraft:sleep_in_bed":54,"minecraft:damage_dealt":52085,"minecraft:interact_with_smoker":5,"minecraft:inspect_dispenser":25,"minecraft:horse_one_cm":2777,"minecraft:interact_with_smithing_table":23,"minecraft:interact_with_anvil":187,"minecraft:inspect_hopper":6,"minecraft:sneak_time":79294,"minecraft:interact_with_blast_furnace":155,"minecraft:total_world_time":2097540,"minecraft:tune_noteblock":1,"minecraft:interact_with_stonecutter":15,"minecraft:time_since_rest":157990,"minecraft:swim_one_cm":118473,"minecraft:fly_one_cm":4177051,"minecraft:open_chest":1316,"minecraft:fall_one_cm":502992,"minecraft:sprint_one_cm":2480470,"minecraft:drop":984,"minecraft:play_noteblock":2,"minecraft:talked_to_villager":741,"minecraft:interact_with_brewingstand":86,"minecraft:walk_on_water_one_cm":90845,"minecraft:interact_with_loom":1,"minecraft:open_enderchest":46,"minecraft:crouch_one_cm":267006,"minecraft:mob_kills":680,"minecraft:interact_with_campfire":8,"minecraft:climb_one_cm":28412,"minecraft:walk_one_cm":4279519,"minecraft:raid_win":1,"minecraft:walk_under_water_one_cm":36113,"minecraft:pot_flower":1,"minecraft:interact_with_grindstone":16,"minecraft:damage_taken":9625,"minecraft:damage_absorbed":81},"minecraft:killed":{"minecraft:skeleton":37,"minecraft:chicken":3,"minecraft:magma_cube":35,"minecraft:iron_golem":2,"minecraft:pillager":16,"minecraft:zombie":52,"minecraft:cow":7,"minecraft:evoker":4,"minecraft:vindicator":10,"minecraft:husk":4,"minecraft:wandering_trader":30,"minecraft:ravager":2,"minecraft:breeze":19,"minecraft:enderman":11,"minecraft:zombified_piglin":1,"minecraft:witch":4,"minecraft:spider":39,"minecraft:silverfish":4,"minecraft:piglin_brute":14,"minecraft:piglin":34,"minecraft:pig":1,"minecraft:zombie_villager":3,"minecraft:creeper":2,"minecraft:sheep":4,"minecraft:trader_llama":4,"minecraft:stray":67,"minecraft:ghast":3,"minecraft:blaze":1,"minecraft:vex":14,"minecraft:bogged":6,"minecraft:slime":173,"minecraft:phantom":1,"minecraft:drowned":1,"minecraft:bat":2,"minecraft:hoglin":13,"minecraft:villager":11}},"DataVersion":3953}