{"stats":{"minecraft:custom":{"minecraft:mob_kills":3,"minecraft:interact_with_crafting_table":8,"minecraft:open_barrel":17,"minecraft:time_since_death":39009,"minecraft:climb_one_cm":134,"minecraft:time_since_rest":39009,"minecraft:sprint_one_cm":153472,"minecraft:damage_taken":620,"minecraft:walk_one_cm":30609,"minecraft:drop":12,"minecraft:damage_dealt":460,"minecraft:swim_one_cm":28341,"minecraft:fly_one_cm":436967,"minecraft:open_chest":14,"minecraft:crouch_one_cm":3231,"minecraft:play_time":39009,"minecraft:sneak_time":756,"minecraft:walk_under_water_one_cm":2778,"minecraft:boat_one_cm":59021,"minecraft:jump":1563,"minecraft:walk_on_water_one_cm":5560,"minecraft:total_world_time":39009,"minecraft:fall_one_cm":46184},"minecraft:killed":{"minecraft:spider":1,"minecraft:skeleton":1,"minecraft:cow":1},"minecraft:mined":{"minecraft:white_bed":1,"visualworkbench:minecraft/crafting_table":3,"minecraft:crafting_table":1,"minecraft:short_grass":18,"minecraft:grass_block":2,"minecraft:poppy":1,"minecraft:tall_grass":3,"minecraft:sugar_cane":1,"minecraft:hay_block":34,"minecraft:polished_blackstone_bricks":1,"minecraft:cobbled_deepslate":1,"minecraft:sweet_berry_bush":12,"minecraft:white_carpet":4,"minecraft:andesite":1,"minecraft:azure_bluet":1,"minecraft:gold_block":8,"minecraft:oak_log":8,"minecraft:gravel":3,"minecraft:dirt":1,"minecraft:stone":2,"minecraft:white_wool":27,"minecraft:oak_leaves":2,"minecraft:deepslate":9},"minecraft:dropped":{"minecraft:wheat_seeds":3,"minecraft:white_carpet":11,"minecraft:leather":1,"minecraft:azure_bluet":1,"minecraft:leather_chestplate":2,"minecraft:dirt":1,"minecraft:andesite":1,"minecraft:white_banner":5,"minecraft:polished_blackstone_bricks":1},"minecraft:crafted":{"minecraft:oak_planks":32,"minecraft:crafting_table":2,"minecraft:bucket":1,"minecraft:bread":6,"minecraft:flint_and_steel":1,"minecraft:oak_boat":1,"minecraft:iron_hoe":1,"minecraft:stick":4,"minecraft:iron_pickaxe":1,"minecraft:shears":1,"minecraft:wheat":18},"minecraft:used":{"minecraft:water_bucket":6,"minecraft:cherry_sapling":2,"minecraft:oak_planks":14,"minecraft:ladder":1,"minecraft:iron_sword":7,"minecraft:spruce_sign":1,"minecraft:dirt":2,"minecraft:crafting_table":5,"minecraft:white_bed":1,"minecraft:axolotl_bucket":1,"minecraft:shears":27,"minecraft:iron_hoe":36,"minecraft:bread":11,"minecraft:iron_pickaxe":25,"minecraft:cobblestone":2,"minecraft:golden_carrot":2,"minecraft:beef":2,"minecraft:sweet_berries":4,"minecraft:bucket":8,"minecraft:oak_boat":2,"minecraft:cooked_beef":3,"minecraft:cobbled_deepslate":3},"minecraft:picked_up":{"minecraft:crafting_table":4,"minecraft:azure_bluet":1,"minecraft:ladder":1,"minecraft:andesite":1,"minecraft:leather":1,"minecraft:gold_block":8,"minecraft:flint":1,"minecraft:oak_log":8,"minecraft:dirt":3,"minecraft:white_banner":5,"minecraft:white_carpet":11,"minecraft:wheat_seeds":4,"minecraft:cobbled_deepslate":10,"minecraft:beef":2,"minecraft:oak_boat":2,"minecraft:poppy":1,"minecraft:sugar_cane":5,"minecraft:stick":3,"minecraft:sweet_berries":29,"minecraft:polished_blackstone_bricks":1,"minecraft:white_bed":1,"minecraft:arrow":1,"minecraft:hay_block":32,"minecraft:cherry_sapling":2,"minecraft:spruce_sign":2,"minecraft:cobblestone":2,"minecraft:white_wool":27}},"DataVersion":3953}