{"stats":{"minecraft:custom":{"minecraft:mob_kills":10,"minecraft:interact_with_crafting_table":10,"minecraft:open_barrel":17,"minecraft:leave_game":2,"minecraft:time_since_death":368,"minecraft:climb_one_cm":421,"minecraft:time_since_rest":409,"minecraft:sprint_one_cm":251092,"minecraft:damage_taken":2037,"minecraft:walk_one_cm":67069,"minecraft:drop":40,"minecraft:damage_dealt":2366,"minecraft:swim_one_cm":35160,"minecraft:fly_one_cm":624778,"minecraft:open_chest":14,"minecraft:deaths":1,"minecraft:crouch_one_cm":41522,"minecraft:play_time":73353,"minecraft:walk_under_water_one_cm":4616,"minecraft:sneak_time":9428,"minecraft:boat_one_cm":148856,"minecraft:jump":2448,"minecraft:walk_on_water_one_cm":8468,"minecraft:total_world_time":73353,"minecraft:fall_one_cm":73477},"minecraft:mined":{"minecraft:nether_gold_ore":2,"minecraft:white_bed":1,"minecraft:blackstone":21,"minecraft:deepslate_diamond_ore":8,"minecraft:basalt":95,"minecraft:obsidian":2,"visualworkbench:minecraft/crafting_table":4,"minecraft:crafting_table":1,"minecraft:nether_bricks":1,"minecraft:short_grass":20,"minecraft:grass_block":2,"minecraft:poppy":1,"minecraft:chest":1,"minecraft:nether_quartz_ore":2,"minecraft:tall_grass":3,"minecraft:sugar_cane":5,"minecraft:sandstone":1,"minecraft:seagrass":1,"minecraft:polished_blackstone_bricks":1,"minecraft:hay_block":34,"minecraft:fire":6,"minecraft:sweet_berry_bush":12,"minecraft:cobbled_deepslate":1,"minecraft:white_carpet":4,"minecraft:andesite":8,"minecraft:gold_block":8,"minecraft:azure_bluet":1,"minecraft:nether_brick_fence":2,"minecraft:warped_stem":13,"minecraft:oak_log":8,"minecraft:sand":1,"minecraft:gravel":3,"minecraft:dirt":1,"minecraft:stone":12,"minecraft:netherrack":724,"minecraft:white_wool":27,"minecraft:oak_leaves":2,"minecraft:deepslate":10},"minecraft:killed":{"minecraft:piglin":2,"minecraft:spider":1,"minecraft:skeleton":1,"minecraft:wither_skeleton":2,"minecraft:blaze":3,"minecraft:cow":1},"minecraft:crafted":{"minecraft:oak_planks":32,"minecraft:diamond_axe":1,"minecraft:crafting_table":2,"minecraft:bucket":1,"minecraft:bread":6,"minecraft:flint_and_steel":1,"minecraft:oak_boat":1,"minecraft:diamond_pickaxe":1,"minecraft:iron_hoe":1,"minecraft:stick":8,"minecraft:iron_pickaxe":1,"minecraft:gold_ingot":81,"minecraft:shears":1,"minecraft:wheat":18},"minecraft:dropped":{"minecraft:spruce_sign":1,"minecraft:moss_carpet":3,"minecraft:iron_sword":1,"minecraft:sweet_berries":25,"minecraft:blackstone":18,"minecraft:sugar_cane":14,"minecraft:wheat_seeds":4,"minecraft:cobblestone":5,"minecraft:golden_axe":1,"minecraft:white_carpet":11,"minecraft:oak_planks":1,"minecraft:leather":1,"minecraft:azure_bluet":1,"minecraft:nether_bricks":1,"minecraft:coal":2,"minecraft:poppy":1,"minecraft:leather_chestplate":2,"minecraft:dirt":1,"minecraft:andesite":7,"minecraft:azalea":1,"minecraft:chest":1,"minecraft:sand":1,"minecraft:sandstone":2,"minecraft:basalt":30,"minecraft:white_banner":5,"minecraft:polished_blackstone_bricks":1,"minecraft:iron_pickaxe":1,"minecraft:gold_ingot":17,"minecraft:netherrack":249,"minecraft:quartz":2},"minecraft:used":{"minecraft:cherry_sapling":2,"minecraft:water_bucket":10,"minecraft:flint_and_steel":1,"minecraft:ladder":1,"minecraft:oak_planks":14,"minecraft:iron_sword":8,"minecraft:spruce_sign":1,"minecraft:diamond_axe":39,"minecraft:netherrack":311,"minecraft:dirt":2,"minecraft:crafting_table":7,"minecraft:white_bed":1,"minecraft:axolotl_bucket":1,"minecraft:shears":27,"minecraft:obsidian":3,"minecraft:iron_hoe":36,"minecraft:diamond_pickaxe":850,"minecraft:iron_pickaxe":52,"minecraft:bread":12,"minecraft:cobblestone":7,"minecraft:beef":2,"minecraft:sweet_berries":4,"minecraft:golden_carrot":2,"minecraft:andesite":1,"minecraft:bucket":12,"minecraft:cooked_beef":18,"minecraft:oak_boat":4,"minecraft:cobbled_deepslate":11},"minecraft:picked_up":{"minecraft:crafting_table":5,"minecraft:azure_bluet":1,"minecraft:basalt":94,"minecraft:splash_potion":1,"minecraft:nether_brick_fence":1,"minecraft:ladder":1,"minecraft:andesite":8,"minecraft:leather":1,"minecraft:golden_leggings":1,"minecraft:gold_block":8,"minecraft:flint":6,"minecraft:oak_log":8,"minecraft:golden_boots":1,"minecraft:dirt":3,"minecraft:moss_carpet":3,"minecraft:white_banner":5,"minecraft:white_carpet":11,"minecraft:bone":3,"minecraft:blackstone":18,"minecraft:wheat_seeds":4,"minecraft:gold_nugget":5,"minecraft:cobbled_deepslate":11,"minecraft:warped_stem":12,"minecraft:beef":2,"minecraft:oak_boat":4,"minecraft:azalea":1,"minecraft:poppy":1,"minecraft:sugar_cane":14,"minecraft:chest":1,"minecraft:stick":3,"minecraft:sandstone":2,"minecraft:sweet_berries":29,"minecraft:quartz":2,"minecraft:polished_blackstone_bricks":1,"minecraft:sand":1,"minecraft:golden_axe":1,"minecraft:white_bed":1,"minecraft:arrow":1,"minecraft:diamond":8,"minecraft:nether_bricks":1,"minecraft:gold_ingot":15,"minecraft:hay_block":32,"minecraft:cherry_sapling":2,"minecraft:spruce_sign":2,"minecraft:blaze_rod":2,"minecraft:netherrack":710,"minecraft:obsidian":4,"minecraft:coal":2,"minecraft:white_wool":27,"minecraft:cobblestone":12},"minecraft:killed_by":{"minecraft:piglin":1}},"DataVersion":3953}