{"stats":{"minecraft:custom":{"minecraft:mob_kills":17,"minecraft:interact_with_crafting_table":13,"minecraft:open_barrel":17,"minecraft:leave_game":2,"minecraft:time_since_death":37698,"minecraft:climb_one_cm":2008,"minecraft:sprint_one_cm":375876,"minecraft:walk_one_cm":133067,"minecraft:drop":53,"minecraft:talked_to_villager":58,"minecraft:play_time":121353,"minecraft:deaths":2,"minecraft:sneak_time":11697,"minecraft:walk_under_water_one_cm":6202,"minecraft:boat_one_cm":148856,"minecraft:interact_with_brewingstand":2,"minecraft:jump":3382,"minecraft:interact_with_blast_furnace":4,"minecraft:walk_on_water_one_cm":12487,"minecraft:total_world_time":121353,"minecraft:traded_with_villager":63,"minecraft:interact_with_grindstone":1,"minecraft:sleep_in_bed":1,"minecraft:time_since_rest":37728,"minecraft:open_enderchest":2,"minecraft:damage_taken":2640,"minecraft:damage_dealt":3771,"minecraft:swim_one_cm":74905,"minecraft:fly_one_cm":857393,"minecraft:open_chest":69,"minecraft:crouch_one_cm":47134,"minecraft:fall_one_cm":94616,"minecraft:inspect_dispenser":1},"minecraft:killed":{"minecraft:spider":1,"minecraft:skeleton":1,"minecraft:piglin":2,"minecraft:stray":5,"minecraft:breeze":2,"minecraft:wither_skeleton":2,"minecraft:cow":1,"minecraft:blaze":3},"minecraft:mined":{"minecraft:nether_gold_ore":2,"minecraft:white_bed":1,"minecraft:deepslate_diamond_ore":8,"minecraft:obsidian":2,"minecraft:nether_bricks":1,"minecraft:grass_block":4,"minecraft:chiseled_tuff_bricks":3,"minecraft:sandstone":1,"minecraft:tuff_bricks":8,"minecraft:hay_block":34,"minecraft:polished_blackstone_bricks":1,"minecraft:cobbled_deepslate":1,"minecraft:fire":6,"minecraft:andesite":14,"minecraft:azure_bluet":1,"minecraft:gold_block":8,"minecraft:nether_brick_fence":2,"minecraft:warped_stem":13,"minecraft:stone":71,"minecraft:white_wool":27,"minecraft:blackstone":21,"minecraft:basalt":95,"visualworkbench:minecraft/crafting_table":4,"minecraft:crafting_table":1,"minecraft:short_grass":20,"minecraft:poppy":1,"minecraft:chest":1,"minecraft:nether_quartz_ore":2,"minecraft:tall_grass":3,"minecraft:sugar_cane":5,"minecraft:wall_torch":1,"minecraft:seagrass":1,"minecraft:sweet_berry_bush":12,"minecraft:white_carpet":4,"minecraft:oak_log":8,"minecraft:gravel":3,"minecraft:sand":1,"minecraft:dirt":4,"minecraft:netherrack":724,"minecraft:oak_leaves":2,"minecraft:deepslate":11},"minecraft:crafted":{"minecraft:oak_planks":32,"minecraft:diamond_shovel":1,"minecraft:diamond_block":35,"minecraft:flint_and_steel":1,"minecraft:diamond_helmet":1,"minecraft:diamond_leggings":1,"minecraft:iron_hoe":1,"minecraft:diamond_boots":1,"minecraft:filled_map":1,"minecraft:wheat":18,"minecraft:diamond_sword":1,"minecraft:emerald":783,"minecraft:map":54,"minecraft:diamond_axe":2,"minecraft:crafting_table":2,"minecraft:bucket":1,"minecraft:bread":6,"minecraft:air":0,"minecraft:oak_boat":1,"minecraft:diamond_pickaxe":2,"minecraft:shield":1,"minecraft:stick":8,"minecraft:compass":1,"minecraft:iron_pickaxe":1,"minecraft:gold_ingot":81,"minecraft:shears":1,"minecraft:diamond_chestplate":1},"minecraft:used":{"minecraft:cherry_sapling":2,"minecraft:flint_and_steel":1,"minecraft:ladder":1,"minecraft:iron_sword":8,"minecraft:netherrack":311,"minecraft:torch":1,"minecraft:dirt":4,"minecraft:carrot":2,"minecraft:axolotl_bucket":1,"minecraft:obsidian":3,"minecraft:iron_hoe":36,"minecraft:lava_bucket":2,"minecraft:golden_carrot":9,"minecraft:beef":2,"minecraft:sweet_berries":4,"minecraft:cooked_beef":18,"minecraft:cobbled_deepslate":11,"minecraft:water_bucket":10,"minecraft:oak_planks":14,"minecraft:spruce_sign":1,"minecraft:diamond_axe":39,"minecraft:crafting_table":7,"minecraft:white_bed":1,"minecraft:painting":1,"minecraft:shears":27,"minecraft:diamond_pickaxe":928,"minecraft:bread":12,"minecraft:iron_pickaxe":52,"minecraft:diamond_sword":15,"minecraft:cobblestone":7,"minecraft:bucket":13,"minecraft:andesite":1,"minecraft:oak_boat":4},"minecraft:dropped":{"minecraft:iron_ingot":30,"minecraft:spruce_sign":1,"minecraft:iron_sword":1,"minecraft:wheat_seeds":8,"minecraft:golden_axe":1,"minecraft:cobblestone":5,"minecraft:leather":1,"minecraft:coal":2,"minecraft:emerald":198,"minecraft:dirt":1,"minecraft:map":54,"minecraft:polished_blackstone_bricks":1,"minecraft:white_banner":5,"minecraft:sand":1,"minecraft:iron_pickaxe":1,"minecraft:redstone":57,"minecraft:gold_ingot":17,"minecraft:moss_carpet":3,"minecraft:emerald_block":188,"minecraft:blackstone":18,"minecraft:sweet_berries":25,"minecraft:sugar_cane":14,"minecraft:white_carpet":11,"minecraft:grindstone":1,"minecraft:oak_planks":1,"minecraft:azure_bluet":1,"minecraft:nether_bricks":1,"minecraft:poppy":1,"minecraft:leather_chestplate":2,"minecraft:andesite":7,"minecraft:azalea":1,"minecraft:chest":1,"minecraft:sandstone":2,"minecraft:basalt":30,"minecraft:quartz":2,"minecraft:netherrack":249},"minecraft:picked_up":{"minecraft:crafting_table":5,"minecraft:azure_bluet":1,"minecraft:splash_potion":1,"minecraft:ladder":1,"minecraft:nether_brick_fence":1,"minecraft:gold_block":8,"minecraft:potion":1,"minecraft:moss_carpet":3,"minecraft:white_carpet":11,"minecraft:blackstone":18,"minecraft:gold_nugget":5,"minecraft:cobbled_deepslate":12,"minecraft:beef":2,"minecraft:oak_boat":4,"minecraft:azalea":1,"minecraft:poppy":1,"minecraft:chest":1,"minecraft:sugar_cane":14,"minecraft:tipped_arrow":2,"minecraft:sandstone":2,"minecraft:stick":3,"minecraft:torch":1,"minecraft:polished_blackstone_bricks":1,"minecraft:golden_axe":1,"minecraft:arrow":7,"minecraft:nether_bricks":1,"minecraft:hay_block":32,"minecraft:gold_ingot":15,"minecraft:tuff_bricks":6,"minecraft:blaze_rod":2,"minecraft:obsidian":4,"minecraft:cobblestone":71,"minecraft:white_wool":27,"minecraft:basalt":94,"minecraft:andesite":14,"minecraft:leather":1,"minecraft:golden_leggings":1,"minecraft:flint":6,"minecraft:oak_log":8,"minecraft:golden_boots":1,"minecraft:dirt":8,"minecraft:white_banner":5,"minecraft:bone":12,"minecraft:wheat_seeds":8,"minecraft:warped_stem":12,"minecraft:grindstone":1,"minecraft:cooked_chicken":1,"minecraft:emerald_block":126,"minecraft:sweet_berries":29,"minecraft:quartz":2,"minecraft:sand":1,"minecraft:white_bed":1,"minecraft:diamond":8,"minecraft:breeze_rod":2,"minecraft:painting":1,"minecraft:cherry_sapling":2,"minecraft:spruce_sign":2,"minecraft:baked_potato":2,"minecraft:chiseled_tuff_bricks":3,"minecraft:coal":10,"minecraft:netherrack":710},"minecraft:killed_by":{"minecraft:piglin":1}},"DataVersion":3953}