{"stats":{"minecraft:custom":{"minecraft:mob_kills":137,"minecraft:interact_with_crafting_table":13,"minecraft:open_barrel":23,"minecraft:leave_game":2,"minecraft:time_since_death":61698,"minecraft:climb_one_cm":4793,"minecraft:sprint_one_cm":504523,"minecraft:walk_one_cm":178035,"minecraft:damage_blocked_by_shield":1545,"minecraft:drop":77,"minecraft:talked_to_villager":58,"minecraft:play_time":145353,"minecraft:deaths":2,"minecraft:sneak_time":12184,"minecraft:walk_under_water_one_cm":8912,"minecraft:boat_one_cm":148856,"minecraft:interact_with_brewingstand":2,"minecraft:jump":4022,"minecraft:interact_with_blast_furnace":4,"minecraft:walk_on_water_one_cm":19382,"minecraft:total_world_time":145353,"minecraft:traded_with_villager":63,"minecraft:interact_with_grindstone":1,"minecraft:sleep_in_bed":1,"minecraft:time_since_rest":61728,"minecraft:open_enderchest":2,"minecraft:damage_taken":3869,"minecraft:damage_dealt":14467,"minecraft:swim_one_cm":84340,"minecraft:fly_one_cm":955713,"minecraft:open_chest":80,"minecraft:crouch_one_cm":48006,"minecraft:fall_one_cm":114898,"minecraft:inspect_dispenser":3},"minecraft:killed":{"minecraft:spider":22,"minecraft:slime":63,"minecraft:skeleton":1,"minecraft:piglin":2,"minecraft:stray":31,"minecraft:breeze":6,"minecraft:wither_skeleton":2,"minecraft:cow":1,"minecraft:blaze":3},"minecraft:mined":{"minecraft:nether_gold_ore":2,"minecraft:white_bed":1,"minecraft:deepslate_diamond_ore":8,"minecraft:obsidian":2,"minecraft:nether_bricks":1,"minecraft:grass_block":4,"minecraft:decorated_pot":6,"minecraft:chiseled_tuff_bricks":4,"minecraft:sandstone":1,"minecraft:tuff_bricks":11,"minecraft:hay_block":34,"minecraft:polished_blackstone_bricks":1,"minecraft:waxed_oxidized_cut_copper":1,"minecraft:waxed_copper_grate":6,"minecraft:cobbled_deepslate":5,"minecraft:fire":9,"minecraft:polished_tuff":3,"minecraft:andesite":14,"minecraft:azure_bluet":1,"minecraft:gold_block":8,"minecraft:nether_brick_fence":2,"minecraft:warped_stem":13,"minecraft:stone":71,"minecraft:white_wool":27,"minecraft:scaffolding":4,"minecraft:blackstone":21,"minecraft:basalt":95,"visualworkbench:minecraft/crafting_table":4,"minecraft:crafting_table":1,"minecraft:short_grass":20,"minecraft:poppy":1,"minecraft:chest":1,"minecraft:nether_quartz_ore":2,"minecraft:tall_grass":3,"minecraft:cobblestone":1,"minecraft:sugar_cane":5,"minecraft:wall_torch":1,"minecraft:seagrass":1,"minecraft:waxed_copper_bulb":2,"minecraft:waxed_oxidized_copper_grate":4,"minecraft:light_gray_stained_glass":2,"minecraft:sweet_berry_bush":12,"minecraft:white_carpet":4,"minecraft:waxed_copper_block":3,"minecraft:oak_log":8,"minecraft:gravel":3,"minecraft:sand":1,"minecraft:dirt":4,"minecraft:cobweb":19,"minecraft:netherrack":724,"minecraft:oak_leaves":2,"minecraft:deepslate":13},"minecraft:crafted":{"minecraft:oak_planks":32,"minecraft:diamond_shovel":1,"minecraft:diamond_block":35,"minecraft:flint_and_steel":1,"minecraft:diamond_helmet":1,"minecraft:diamond_leggings":1,"minecraft:iron_hoe":1,"minecraft:diamond_boots":1,"minecraft:filled_map":1,"minecraft:wheat":18,"minecraft:diamond_sword":1,"minecraft:emerald":783,"minecraft:map":54,"minecraft:diamond_axe":2,"minecraft:crafting_table":2,"minecraft:bucket":1,"minecraft:bread":6,"minecraft:air":0,"minecraft:oak_boat":1,"minecraft:diamond_pickaxe":2,"minecraft:shield":1,"minecraft:stick":8,"minecraft:compass":1,"minecraft:iron_pickaxe":1,"minecraft:gold_ingot":81,"minecraft:shears":1,"minecraft:diamond_chestplate":1},"minecraft:dropped":{"minecraft:iron_ingot":30,"minecraft:spruce_sign":1,"minecraft:iron_sword":1,"minecraft:wheat_seeds":8,"minecraft:glass_bottle":4,"minecraft:golden_axe":1,"minecraft:cobblestone":5,"minecraft:waxed_copper_grate":2,"minecraft:polished_tuff":3,"minecraft:leather":1,"minecraft:honeycomb":1,"minecraft:coal":2,"minecraft:emerald":198,"minecraft:iron_block":1,"minecraft:dirt":3,"minecraft:scrape_pottery_sherd":3,"minecraft:map":54,"minecraft:flow_banner_pattern":1,"minecraft:polished_blackstone_bricks":1,"minecraft:white_banner":5,"minecraft:sand":1,"minecraft:iron_pickaxe":1,"minecraft:string":7,"minecraft:redstone":57,"minecraft:gold_ingot":17,"minecraft:moss_carpet":3,"minecraft:tuff_bricks":6,"minecraft:emerald_block":188,"minecraft:blackstone":18,"minecraft:sweet_berries":25,"minecraft:sugar_cane":14,"minecraft:chiseled_tuff_bricks":3,"minecraft:cobbled_deepslate":1,"minecraft:bamboo_hanging_sign":4,"minecraft:white_carpet":11,"minecraft:grindstone":1,"minecraft:oak_planks":1,"minecraft:azure_bluet":1,"minecraft:nether_bricks":1,"minecraft:filled_map":1,"minecraft:big_dripleaf":5,"minecraft:poppy":1,"minecraft:leather_chestplate":2,"minecraft:andesite":7,"minecraft:azalea":1,"minecraft:chest":1,"minecraft:spider_eye":9,"minecraft:slime_ball":38,"minecraft:sandstone":2,"minecraft:basalt":30,"minecraft:bow":3,"minecraft:brick":22,"minecraft:quartz":2,"minecraft:waxed_oxidized_copper_grate":1,"minecraft:netherrack":249},"minecraft:used":{"minecraft:tuff_bricks":2,"minecraft:cherry_sapling":2,"minecraft:flint_and_steel":1,"minecraft:ladder":1,"minecraft:shield":38,"minecraft:iron_sword":8,"minecraft:trial_key":1,"minecraft:netherrack":311,"minecraft:torch":1,"minecraft:dirt":5,"minecraft:carrot":2,"minecraft:waxed_copper_grate":3,"minecraft:axolotl_bucket":1,"minecraft:honey_bottle":4,"minecraft:obsidian":3,"minecraft:iron_hoe":36,"minecraft:waxed_oxidized_copper_grate":5,"minecraft:lava_bucket":2,"minecraft:iron_block":1,"minecraft:bow":2,"minecraft:golden_carrot":22,"minecraft:beef":2,"minecraft:scaffolding":7,"minecraft:sweet_berries":4,"minecraft:cooked_beef":18,"minecraft:cobbled_deepslate":17,"minecraft:water_bucket":22,"minecraft:waxed_oxidized_cut_copper":1,"minecraft:oak_planks":14,"minecraft:ender_pearl":1,"minecraft:spruce_sign":1,"minecraft:diamond_axe":39,"minecraft:waxed_copper_block":3,"minecraft:crafting_table":7,"minecraft:white_bed":1,"minecraft:painting":1,"minecraft:shears":27,"minecraft:diamond_pickaxe":964,"minecraft:ominous_trial_key":2,"minecraft:bread":12,"minecraft:iron_pickaxe":52,"minecraft:chiseled_tuff_bricks":1,"minecraft:potion":1,"minecraft:diamond_sword":202,"minecraft:cobblestone":67,"minecraft:waxed_copper_bulb":2,"minecraft:bucket":25,"minecraft:andesite":7,"minecraft:oak_boat":4},"minecraft:picked_up":{"minecraft:waxed_oxidized_cut_copper":1,"minecraft:crafting_table":5,"minecraft:azure_bluet":1,"minecraft:splash_potion":1,"minecraft:ladder":1,"minecraft:nether_brick_fence":1,"minecraft:gold_block":8,"minecraft:potion":6,"minecraft:brick":22,"minecraft:flow_banner_pattern":2,"minecraft:iron_axe":1,"minecraft:string":72,"minecraft:moss_carpet":3,"minecraft:white_carpet":11,"minecraft:blackstone":18,"minecraft:gold_nugget":5,"minecraft:cobbled_deepslate":18,"minecraft:beef":2,"minecraft:trial_key":1,"minecraft:oak_boat":4,"minecraft:azalea":1,"minecraft:poppy":1,"minecraft:chest":1,"minecraft:sugar_cane":14,"minecraft:tipped_arrow":14,"minecraft:sandstone":2,"minecraft:stick":3,"minecraft:big_dripleaf":5,"minecraft:torch":4,"minecraft:polished_blackstone_bricks":1,"minecraft:golden_axe":1,"minecraft:waxed_copper_grate":5,"minecraft:honey_bottle":2,"minecraft:arrow":46,"minecraft:nether_bricks":1,"minecraft:hay_block":32,"minecraft:iron_block":2,"minecraft:gold_ingot":15,"minecraft:tuff_bricks":9,"minecraft:blaze_rod":2,"minecraft:obsidian":4,"minecraft:cobblestone":72,"minecraft:white_wool":27,"minecraft:golden_carrot":2,"minecraft:cooked_beef":10,"minecraft:basalt":94,"minecraft:andesite":14,"minecraft:leather":1,"minecraft:golden_leggings":1,"minecraft:waxed_copper_bulb":2,"minecraft:waxed_copper_block":3,"minecraft:flint":6,"minecraft:oak_log":8,"minecraft:golden_boots":1,"minecraft:dirt":8,"minecraft:white_banner":5,"minecraft:bone":43,"minecraft:bow":7,"minecraft:wheat_seeds":8,"minecraft:warped_stem":12,"minecraft:iron_ingot":2,"minecraft:grindstone":1,"minecraft:cooked_chicken":2,"minecraft:glass_bottle":1,"minecraft:scrape_pottery_sherd":3,"minecraft:scaffolding":1,"minecraft:emerald_block":126,"minecraft:sweet_berries":29,"minecraft:quartz":2,"minecraft:sand":1,"minecraft:white_bed":1,"minecraft:polished_tuff":3,"minecraft:spider_eye":22,"minecraft:slime_ball":53,"minecraft:diamond":8,"minecraft:waxed_oxidized_copper_grate":6,"minecraft:breeze_rod":8,"minecraft:painting":1,"minecraft:cherry_sapling":2,"minecraft:spruce_sign":2,"minecraft:emerald":17,"minecraft:bread":1,"minecraft:ominous_trial_key":6,"minecraft:baked_potato":11,"minecraft:chiseled_tuff_bricks":4,"minecraft:coal":10,"minecraft:netherrack":710},"minecraft:killed_by":{"minecraft:piglin":1}},"DataVersion":3953}